classe textural int,Classe textural,cobertura int,Cobertura n0,Cobertura n1_1,Cobertura n2,Cobertura n3,Cobertura n4,intervalo de cos,Intervalo de COS,Ano,Unidade Federativa,Área ha,Toneladas de COS
1,Muito argilosa,0,Antrópico,Outros,Outras Áreas não Vegetadas,Outras Áreas não Vegetadas,Outras Áreas não Vegetadas,4,5. 40 até 50 ton/ha,2006,Toledo,0.32696905517578123,16.02148370361328
1,Muito argilosa,0,Antrópico,Outros,Outras Áreas não Vegetadas,Outras Áreas não Vegetadas,Outras Áreas não Vegetadas,5,6. 50 até 60 ton/ha,2006,Cascavel,0.16285250244140625,8.79376622314453
1,Muito argilosa,0,Antrópico,Outros,Outras Áreas não Vegetadas,Outras Áreas não Vegetadas,Outras Áreas não Vegetadas,5,6. 50 até 60 ton/ha,2006,Toledo,0.0813881591796875,4.150796118164062
1,Muito argilosa,0,Antrópico,Outros,Outras Áreas não Vegetadas,Outras Áreas não Vegetadas,Outras Áreas não Vegetadas,6,7. 60 até 70 ton/ha,2006,Cascavel,0.32460703125,20.855884454345702
1,Muito argilosa,3,Natural,Formação Florestal,Formação Florestal,Formação Florestal,Formação Florestal,4,5. 40 até 50 ton/ha,2006,Cascavel,1.3816956115722654,67.70308496704101
1,Muito argilosa,3,Natural,Formação Florestal,Formação Florestal,Formação Florestal,Formação Florestal,4,5. 40 até 50 ton/ha,2006,Foz do Iguaçu,2.1070633911132814,103.24610616455078
1,Muito argilosa,3,Natural,Formação Florestal,Formação Florestal,Formação Florestal,Formação Florestal,4,5. 40 até 50 ton/ha,2006,Toledo,18.11492680053711,887.6314132263183
1,Muito argilosa,3,Natural,Formação Florestal,Formação Florestal,Formação Florestal,Formação Florestal,4,5. 40 até 50 ton/ha,2006,Marechal Cândido Rondon,11.165648022460937,547.1167531005858
1,Muito argilosa,3,Natural,Formação Florestal,Formação Florestal,Formação Florestal,Formação Florestal,5,6. 50 até 60 ton/ha,2006,Cascavel,3024.832013244628,174538.98114865884
1,Muito argilosa,3,Natural,Formação Florestal,Formação Florestal,Formação Florestal,Formação Florestal,5,6. 50 até 60 ton/ha,2006,Foz do Iguaçu,4776.781241741937,274520.76307529525
1,Muito argilosa,3,Natural,Formação Florestal,Formação Florestal,Formação Florestal,Formação Florestal,5,6. 50 até 60 ton/ha,2006,Toledo,4185.189190649398,234440.79470401583
1,Muito argilosa,3,Natural,Formação Florestal,Formação Florestal,Formação Florestal,Formação Florestal,5,6. 50 até 60 ton/ha,2006,Marechal Cândido Rondon,1446.3446084777852,80583.06568596116
1,Muito argilosa,3,Natural,Formação Florestal,Formação Florestal,Formação Florestal,Formação Florestal,6,7. 60 até 70 ton/ha,2006,Cascavel,23838.563058868152,1577792.0397989862
1,Muito argilosa,3,Natural,Formação Florestal,Formação Florestal,Formação Florestal,Formação Florestal,6,7. 60 até 70 ton/ha,2006,Foz do Iguaçu,5342.449799755898,327107.29440558417
1,Muito argilosa,3,Natural,Formação Florestal,Formação Florestal,Formação Florestal,Formação Florestal,6,7. 60 até 70 ton/ha,2006,Toledo,1353.1290079650862,83073.65599527585
1,Muito argilosa,3,Natural,Formação Florestal,Formação Florestal,Formação Florestal,Formação Florestal,6,7. 60 até 70 ton/ha,2006,Marechal Cândido Rondon,84.15219299316406,5080.988573510755
1,Muito argilosa,3,Natural,Formação Florestal,Formação Florestal,Formação Florestal,Formação Florestal,7,8. 70 até 80 ton/ha,2006,Cascavel,3688.649257513471,261878.90258672636
1,Muito argilosa,3,Natural,Formação Florestal,Formação Florestal,Formação Florestal,Formação Florestal,7,8. 70 até 80 ton/ha,2006,Foz do Iguaçu,8.007824829101565,568.1525734130859
1,Muito argilosa,3,Natural,Formação Florestal,Formação Florestal,Formação Florestal,Formação Florestal,7,8. 70 até 80 ton/ha,2006,Toledo,9.353587719726566,668.3343366271972
1,Muito argilosa,3,Natural,Formação Florestal,Formação Florestal,Formação Florestal,Formação Florestal,8,9. mais de 80 ton/h,2006,Cascavel,95.42188012084961,7994.071970690917
1,Muito argilosa,9,Antrópico,Silvicultura,Silvicultura,Silvicultura,Silvicultura,4,5. 40 até 50 ton/ha,2006,Cascavel,0.081290625,3.983240625
1,Muito argilosa,9,Antrópico,Silvicultura,Silvicultura,Silvicultura,Silvicultura,4,5. 40 até 50 ton/ha,2006,Toledo,0.08170224609375,4.00341005859375
1,Muito argilosa,9,Antrópico,Silvicultura,Silvicultura,Silvicultura,Silvicultura,4,5. 40 até 50 ton/ha,2006,Marechal Cândido Rondon,0.4073179321289063,19.958578674316406
1,Muito argilosa,9,Antrópico,Silvicultura,Silvicultura,Silvicultura,Silvicultura,5,6. 50 até 60 ton/ha,2006,Cascavel,140.23916073608396,8120.1846585082985
1,Muito argilosa,9,Antrópico,Silvicultura,Silvicultura,Silvicultura,Silvicultura,5,6. 50 até 60 ton/ha,2006,Foz do Iguaçu,6.960155310058593,387.10008728637695
1,Muito argilosa,9,Antrópico,Silvicultura,Silvicultura,Silvicultura,Silvicultura,5,6. 50 até 60 ton/ha,2006,Toledo,167.7345108276366,9153.4138477417
1,Muito argilosa,9,Antrópico,Silvicultura,Silvicultura,Silvicultura,Silvicultura,5,6. 50 até 60 ton/ha,2006,Marechal Cândido Rondon,0.08146454467773437,4.154691778564453
1,Muito argilosa,9,Antrópico,Silvicultura,Silvicultura,Silvicultura,Silvicultura,6,7. 60 até 70 ton/ha,2006,Cascavel,4970.430855401568,324532.41637164616
1,Muito argilosa,9,Antrópico,Silvicultura,Silvicultura,Silvicultura,Silvicultura,6,7. 60 até 70 ton/ha,2006,Foz do Iguaçu,1.9417735351562497,126.05340588378905
1,Muito argilosa,9,Antrópico,Silvicultura,Silvicultura,Silvicultura,Silvicultura,6,7. 60 até 70 ton/ha,2006,Toledo,10.087773474121096,612.6675834045409
1,Muito argilosa,9,Antrópico,Silvicultura,Silvicultura,Silvicultura,Silvicultura,7,8. 70 até 80 ton/ha,2006,Cascavel,98.3421018676758,6926.061872741689
1,Muito argilosa,9,Antrópico,Silvicultura,Silvicultura,Silvicultura,Silvicultura,8,9. mais de 80 ton/h,2006,Cascavel,2.6772991760253917,216.05004635620114
1,Muito argilosa,11,Natural,Campo Alagado e Área Pantanosa,Campo Alagado e Área Pantanosa,Campo Alagado e Área Pantanosa,Campo Alagado e Área Pantanosa,4,5. 40 até 50 ton/ha,2006,Foz do Iguaçu,0.08118466796875,3.9780487304687497
1,Muito argilosa,11,Natural,Campo Alagado e Área Pantanosa,Campo Alagado e Área Pantanosa,Campo Alagado e Área Pantanosa,Campo Alagado e Área Pantanosa,4,5. 40 até 50 ton/ha,2006,Toledo,25.747047747802732,1261.6053396423345
1,Muito argilosa,11,Natural,Campo Alagado e Área Pantanosa,Campo Alagado e Área Pantanosa,Campo Alagado e Área Pantanosa,Campo Alagado e Área Pantanosa,4,5. 40 até 50 ton/ha,2006,Marechal Cândido Rondon,0.16282405395507812,7.978378643798829
1,Muito argilosa,11,Natural,Campo Alagado e Área Pantanosa,Campo Alagado e Área Pantanosa,Campo Alagado e Área Pantanosa,Campo Alagado e Área Pantanosa,5,6. 50 até 60 ton/ha,2006,Cascavel,1.3024694763183593,76.52009234008788
1,Muito argilosa,11,Natural,Campo Alagado e Área Pantanosa,Campo Alagado e Área Pantanosa,Campo Alagado e Área Pantanosa,Campo Alagado e Área Pantanosa,5,6. 50 até 60 ton/ha,2006,Foz do Iguaçu,4.209884979248047,232.75354472656252
1,Muito argilosa,11,Natural,Campo Alagado e Área Pantanosa,Campo Alagado e Área Pantanosa,Campo Alagado e Área Pantanosa,Campo Alagado e Área Pantanosa,5,6. 50 até 60 ton/ha,2006,Toledo,80.10162148437495,4090.0232537048323
1,Muito argilosa,11,Natural,Campo Alagado e Área Pantanosa,Campo Alagado e Área Pantanosa,Campo Alagado e Área Pantanosa,Campo Alagado e Área Pantanosa,5,6. 50 até 60 ton/ha,2006,Marechal Cândido Rondon,0.16287889404296874,8.225410968017577
1,Muito argilosa,11,Natural,Campo Alagado e Área Pantanosa,Campo Alagado e Área Pantanosa,Campo Alagado e Área Pantanosa,Campo Alagado e Área Pantanosa,6,7. 60 até 70 ton/ha,2006,Cascavel,1.2210664794921877,73.34539399414062
1,Muito argilosa,11,Natural,Campo Alagado e Área Pantanosa,Campo Alagado e Área Pantanosa,Campo Alagado e Área Pantanosa,Campo Alagado e Área Pantanosa,6,7. 60 até 70 ton/ha,2006,Foz do Iguaçu,0.40482578125,24.370554010009762
1,Muito argilosa,15,Antrópico,Pastagem,Pastagem,Pastagem,Pastagem,4,5. 40 até 50 ton/ha,2006,Cascavel,12.746651470947267,624.585922076416
1,Muito argilosa,15,Antrópico,Pastagem,Pastagem,Pastagem,Pastagem,4,5. 40 até 50 ton/ha,2006,Foz do Iguaçu,163.99005794677765,8035.512839392103
1,Muito argilosa,15,Antrópico,Pastagem,Pastagem,Pastagem,Pastagem,4,5. 40 até 50 ton/ha,2006,Toledo,935.954619879149,45861.36750185537
1,Muito argilosa,15,Antrópico,Pastagem,Pastagem,Pastagem,Pastagem,4,5. 40 até 50 ton/ha,2006,Marechal Cândido Rondon,93.316750567627,4572.439189129637
1,Muito argilosa,15,Antrópico,Pastagem,Pastagem,Pastagem,Pastagem,5,6. 50 até 60 ton/ha,2006,Cascavel,2593.779104382327,143593.44028575445
1,Muito argilosa,15,Antrópico,Pastagem,Pastagem,Pastagem,Pastagem,5,6. 50 até 60 ton/ha,2006,Foz do Iguaçu,1163.197974243166,62001.568182849274
1,Muito argilosa,15,Antrópico,Pastagem,Pastagem,Pastagem,Pastagem,5,6. 50 até 60 ton/ha,2006,Toledo,2359.012799896238,121853.88402161852
1,Muito argilosa,15,Antrópico,Pastagem,Pastagem,Pastagem,Pastagem,5,6. 50 até 60 ton/ha,2006,Marechal Cândido Rondon,194.1805107727053,9820.537615942389
1,Muito argilosa,15,Antrópico,Pastagem,Pastagem,Pastagem,Pastagem,6,7. 60 até 70 ton/ha,2006,Cascavel,8234.516079418956,531299.2380734383
1,Muito argilosa,15,Antrópico,Pastagem,Pastagem,Pastagem,Pastagem,6,7. 60 até 70 ton/ha,2006,Foz do Iguaçu,26.13761530761719,1579.8287728149412
1,Muito argilosa,15,Antrópico,Pastagem,Pastagem,Pastagem,Pastagem,6,7. 60 até 70 ton/ha,2006,Toledo,119.72552626953124,7429.4179991760275
1,Muito argilosa,15,Antrópico,Pastagem,Pastagem,Pastagem,Pastagem,7,8. 70 até 80 ton/ha,2006,Cascavel,432.0394076843261,31767.760713653624
1,Muito argilosa,15,Antrópico,Pastagem,Pastagem,Pastagem,Pastagem,7,8. 70 até 80 ton/ha,2006,Toledo,0.3255326416015625,22.787284912109374
1,Muito argilosa,15,Antrópico,Pastagem,Pastagem,Pastagem,Pastagem,8,9. mais de 80 ton/h,2006,Cascavel,38.696421331787086,3110.1568002136237
1,Muito argilosa,20,Antrópico,Agricultura,Agricultura,Lavoura Temporária,Cana,4,5. 40 até 50 ton/ha,2006,Toledo,0.7352386535644533,36.0266940246582
1,Muito argilosa,20,Antrópico,Agricultura,Agricultura,Lavoura Temporária,Cana,5,6. 50 até 60 ton/ha,2006,Cascavel,0.40736940307617187,20.531417950439455
1,Muito argilosa,20,Antrópico,Agricultura,Agricultura,Lavoura Temporária,Cana,5,6. 50 até 60 ton/ha,2006,Toledo,1.4677517700195313,73.87634488525389
1,Muito argilosa,21,Antrópico,Mosaico de Usos,Mosaico de Usos,Mosaico de Usos,Mosaico de Usos,4,5. 40 até 50 ton/ha,2006,Cascavel,33.54630698242187,1643.7690421386717
1,Muito argilosa,21,Antrópico,Mosaico de Usos,Mosaico de Usos,Mosaico de Usos,Mosaico de Usos,4,5. 40 até 50 ton/ha,2006,Foz do Iguaçu,682.2533944152846,33430.010758868484
1,Muito argilosa,21,Antrópico,Mosaico de Usos,Mosaico de Usos,Mosaico de Usos,Mosaico de Usos,4,5. 40 até 50 ton/ha,2006,Toledo,2708.054991235348,132693.22433830585
1,Muito argilosa,21,Antrópico,Mosaico de Usos,Mosaico de Usos,Mosaico de Usos,Mosaico de Usos,4,5. 40 até 50 ton/ha,2006,Marechal Cândido Rondon,884.4349615051235,43336.33516931237
1,Muito argilosa,21,Antrópico,Mosaico de Usos,Mosaico de Usos,Mosaico de Usos,Mosaico de Usos,5,6. 50 até 60 ton/ha,2006,Cascavel,4944.573791900632,272636.59158928785
1,Muito argilosa,21,Antrópico,Mosaico de Usos,Mosaico de Usos,Mosaico de Usos,Mosaico de Usos,5,6. 50 até 60 ton/ha,2006,Foz do Iguaçu,4299.870482513422,230104.80057244265
1,Muito argilosa,21,Antrópico,Mosaico de Usos,Mosaico de Usos,Mosaico de Usos,Mosaico de Usos,5,6. 50 até 60 ton/ha,2006,Toledo,8335.03934569094,432514.5659470578
1,Muito argilosa,21,Antrópico,Mosaico de Usos,Mosaico de Usos,Mosaico de Usos,Mosaico de Usos,5,6. 50 até 60 ton/ha,2006,Marechal Cândido Rondon,1741.5620865661645,88255.54631054061
1,Muito argilosa,21,Antrópico,Mosaico de Usos,Mosaico de Usos,Mosaico de Usos,Mosaico de Usos,6,7. 60 até 70 ton/ha,2006,Cascavel,15686.517832904534,1017077.352738255
1,Muito argilosa,21,Antrópico,Mosaico de Usos,Mosaico de Usos,Mosaico de Usos,Mosaico de Usos,6,7. 60 até 70 ton/ha,2006,Foz do Iguaçu,177.7944411682129,10747.135413714614
1,Muito argilosa,21,Antrópico,Mosaico de Usos,Mosaico de Usos,Mosaico de Usos,Mosaico de Usos,6,7. 60 até 70 ton/ha,2006,Toledo,474.0391399902358,29250.65850931399
1,Muito argilosa,21,Antrópico,Mosaico de Usos,Mosaico de Usos,Mosaico de Usos,Mosaico de Usos,6,7. 60 até 70 ton/ha,2006,Marechal Cândido Rondon,0.16294711303710938,9.776826782226562
1,Muito argilosa,21,Antrópico,Mosaico de Usos,Mosaico de Usos,Mosaico de Usos,Mosaico de Usos,7,8. 70 até 80 ton/ha,2006,Cascavel,494.2978961608894,35673.924774951134
1,Muito argilosa,21,Antrópico,Mosaico de Usos,Mosaico de Usos,Mosaico de Usos,Mosaico de Usos,7,8. 70 até 80 ton/ha,2006,Toledo,2.7665432250976565,195.61086801757816
1,Muito argilosa,21,Antrópico,Mosaico de Usos,Mosaico de Usos,Mosaico de Usos,Mosaico de Usos,8,9. mais de 80 ton/h,2006,Cascavel,58.90086932983404,4741.9269971740705
1,Muito argilosa,24,Antrópico,Outros,Área Urbanizada,Área Urbanizada,Área Urbanizada,0,1. 0 até 10 ton/ha,2006,Cascavel,5890.514776916869,0.0
1,Muito argilosa,24,Antrópico,Outros,Área Urbanizada,Área Urbanizada,Área Urbanizada,0,1. 0 até 10 ton/ha,2006,Foz do Iguaçu,2667.358942303478,0.0
1,Muito argilosa,24,Antrópico,Outros,Área Urbanizada,Área Urbanizada,Área Urbanizada,0,1. 0 até 10 ton/ha,2006,Toledo,3732.356813183608,0.0
1,Muito argilosa,24,Antrópico,Outros,Área Urbanizada,Área Urbanizada,Área Urbanizada,0,1. 0 até 10 ton/ha,2006,Marechal Cândido Rondon,766.9871886535668,0.0
1,Muito argilosa,25,Antrópico,Outros,Outras Áreas não Vegetadas,Outras Áreas não Vegetadas,Outras Áreas não Vegetadas,4,5. 40 até 50 ton/ha,2006,Foz do Iguaçu,6.967951177978515,341.4296077209472
1,Muito argilosa,25,Antrópico,Outros,Outras Áreas não Vegetadas,Outras Áreas não Vegetadas,Outras Áreas não Vegetadas,4,5. 40 até 50 ton/ha,2006,Toledo,9.53080684814453,467.00953555908205
1,Muito argilosa,25,Antrópico,Outros,Outras Áreas não Vegetadas,Outras Áreas não Vegetadas,Outras Áreas não Vegetadas,4,5. 40 até 50 ton/ha,2006,Marechal Cândido Rondon,21.1081989440918,1034.3017482604985
1,Muito argilosa,25,Antrópico,Outros,Outras Áreas não Vegetadas,Outras Áreas não Vegetadas,Outras Áreas não Vegetadas,5,6. 50 até 60 ton/ha,2006,Cascavel,67.25784838256835,3725.453249414064
1,Muito argilosa,25,Antrópico,Outros,Outras Áreas não Vegetadas,Outras Áreas não Vegetadas,Outras Áreas não Vegetadas,5,6. 50 até 60 ton/ha,2006,Foz do Iguaçu,101.1995360473633,5508.320634173584
1,Muito argilosa,25,Antrópico,Outros,Outras Áreas não Vegetadas,Outras Áreas não Vegetadas,Outras Áreas não Vegetadas,5,6. 50 até 60 ton/ha,2006,Toledo,133.59223939819333,7003.277935058595
1,Muito argilosa,25,Antrópico,Outros,Outras Áreas não Vegetadas,Outras Áreas não Vegetadas,Outras Áreas não Vegetadas,5,6. 50 até 60 ton/ha,2006,Marechal Cândido Rondon,48.83283431396485,2504.659665936281
1,Muito argilosa,25,Antrópico,Outros,Outras Áreas não Vegetadas,Outras Áreas não Vegetadas,Outras Áreas não Vegetadas,6,7. 60 até 70 ton/ha,2006,Cascavel,210.7256032836915,13754.249061968994
1,Muito argilosa,25,Antrópico,Outros,Outras Áreas não Vegetadas,Outras Áreas não Vegetadas,Outras Áreas não Vegetadas,6,7. 60 até 70 ton/ha,2006,Foz do Iguaçu,31.234011712646513,1910.3701695922864
1,Muito argilosa,25,Antrópico,Outros,Outras Áreas não Vegetadas,Outras Áreas não Vegetadas,Outras Áreas não Vegetadas,6,7. 60 até 70 ton/ha,2006,Toledo,16.431213781738283,1048.59609765625
1,Muito argilosa,25,Antrópico,Outros,Outras Áreas não Vegetadas,Outras Áreas não Vegetadas,Outras Áreas não Vegetadas,6,7. 60 até 70 ton/ha,2006,Marechal Cândido Rondon,0.32565913085937503,19.539547851562503
1,Muito argilosa,25,Antrópico,Outros,Outras Áreas não Vegetadas,Outras Áreas não Vegetadas,Outras Áreas não Vegetadas,7,8. 70 até 80 ton/ha,2006,Cascavel,11.858387780761717,846.4812867187501
1,Muito argilosa,25,Antrópico,Outros,Outras Áreas não Vegetadas,Outras Áreas não Vegetadas,Outras Áreas não Vegetadas,7,8. 70 até 80 ton/ha,2006,Toledo,2.441584667968749,175.46853072509762
1,Muito argilosa,25,Antrópico,Outros,Outras Áreas não Vegetadas,Outras Áreas não Vegetadas,Outras Áreas não Vegetadas,8,9. mais de 80 ton/h,2006,Cascavel,0.1622220703125,13.05887666015625
1,Muito argilosa,39,Antrópico,Agricultura,Agricultura,Lavoura Temporária,Soja,4,5. 40 até 50 ton/ha,2006,Cascavel,367.8363198913576,18023.979674377453
1,Muito argilosa,39,Antrópico,Agricultura,Agricultura,Lavoura Temporária,Soja,4,5. 40 até 50 ton/ha,2006,Foz do Iguaçu,10624.462250561664,520596.5430841933
1,Muito argilosa,39,Antrópico,Agricultura,Agricultura,Lavoura Temporária,Soja,4,5. 40 até 50 ton/ha,2006,Toledo,31475.36435405887,1542285.0149414607
1,Muito argilosa,39,Antrópico,Agricultura,Agricultura,Lavoura Temporária,Soja,4,5. 40 até 50 ton/ha,2006,Marechal Cândido Rondon,10872.079638080017,532729.0482955681
1,Muito argilosa,39,Antrópico,Agricultura,Agricultura,Lavoura Temporária,Soja,5,6. 50 até 60 ton/ha,2006,Cascavel,67465.55423166305,3686436.510549549
1,Muito argilosa,39,Antrópico,Agricultura,Agricultura,Lavoura Temporária,Soja,5,6. 50 até 60 ton/ha,2006,Foz do Iguaçu,53485.02602623358,2846535.6745035043
1,Muito argilosa,39,Antrópico,Agricultura,Agricultura,Lavoura Temporária,Soja,5,6. 50 até 60 ton/ha,2006,Toledo,255307.56872658207,1.3333009879640533E7
1,Muito argilosa,39,Antrópico,Agricultura,Agricultura,Lavoura Temporária,Soja,5,6. 50 até 60 ton/ha,2006,Marechal Cândido Rondon,31017.505595506,1570602.015772881
1,Muito argilosa,39,Antrópico,Agricultura,Agricultura,Lavoura Temporária,Soja,6,7. 60 até 70 ton/ha,2006,Cascavel,152919.48917407397,9976558.70556669
1,Muito argilosa,39,Antrópico,Agricultura,Agricultura,Lavoura Temporária,Soja,6,7. 60 até 70 ton/ha,2006,Foz do Iguaçu,1652.5913241577186,100423.58583081015
1,Muito argilosa,39,Antrópico,Agricultura,Agricultura,Lavoura Temporária,Soja,6,7. 60 até 70 ton/ha,2006,Toledo,37436.27428368427,2370233.1762209563
1,Muito argilosa,39,Antrópico,Agricultura,Agricultura,Lavoura Temporária,Soja,6,7. 60 até 70 ton/ha,2006,Marechal Cândido Rondon,91.8230900695803,5690.09429285891
1,Muito argilosa,39,Antrópico,Agricultura,Agricultura,Lavoura Temporária,Soja,7,8. 70 até 80 ton/ha,2006,Cascavel,9050.245478295865,646006.8910714333
1,Muito argilosa,39,Antrópico,Agricultura,Agricultura,Lavoura Temporária,Soja,7,8. 70 até 80 ton/ha,2006,Foz do Iguaçu,1.6985639892578122,118.98036269531248
1,Muito argilosa,39,Antrópico,Agricultura,Agricultura,Lavoura Temporária,Soja,7,8. 70 até 80 ton/ha,2006,Toledo,327.39015267333787,23030.727208087195
1,Muito argilosa,39,Antrópico,Agricultura,Agricultura,Lavoura Temporária,Soja,8,9. mais de 80 ton/h,2006,Cascavel,81.78400144653327,6627.2583124816865
1,Muito argilosa,41,Antrópico,Agricultura,Agricultura,Lavoura Temporária,Outras Lavouras Temporárias,4,5. 40 até 50 ton/ha,2006,Cascavel,41.559431915283206,2036.4121638488773
1,Muito argilosa,41,Antrópico,Agricultura,Agricultura,Lavoura Temporária,Outras Lavouras Temporárias,4,5. 40 até 50 ton/ha,2006,Foz do Iguaçu,939.1892173522954,46020.19054129059
1,Muito argilosa,41,Antrópico,Agricultura,Agricultura,Lavoura Temporária,Outras Lavouras Temporárias,4,5. 40 até 50 ton/ha,2006,Toledo,4502.288341265829,220605.43652902532
1,Muito argilosa,41,Antrópico,Agricultura,Agricultura,Lavoura Temporária,Outras Lavouras Temporárias,4,5. 40 até 50 ton/ha,2006,Marechal Cândido Rondon,1048.4646466979998,51378.27530302114
1,Muito argilosa,41,Antrópico,Agricultura,Agricultura,Lavoura Temporária,Outras Lavouras Temporárias,5,6. 50 até 60 ton/ha,2006,Cascavel,10492.948176635802,570629.452783734
1,Muito argilosa,41,Antrópico,Agricultura,Agricultura,Lavoura Temporária,Outras Lavouras Temporárias,5,6. 50 até 60 ton/ha,2006,Foz do Iguaçu,3164.4725411987324,165414.98751889006
1,Muito argilosa,41,Antrópico,Agricultura,Agricultura,Lavoura Temporária,Outras Lavouras Temporárias,5,6. 50 até 60 ton/ha,2006,Toledo,16059.848104101642,830596.8791766912
1,Muito argilosa,41,Antrópico,Agricultura,Agricultura,Lavoura Temporária,Outras Lavouras Temporárias,5,6. 50 até 60 ton/ha,2006,Marechal Cândido Rondon,2117.3773423400953,107269.23234604464
1,Muito argilosa,41,Antrópico,Agricultura,Agricultura,Lavoura Temporária,Outras Lavouras Temporárias,6,7. 60 até 70 ton/ha,2006,Cascavel,23181.359446203318,1497196.6950560568
1,Muito argilosa,41,Antrópico,Agricultura,Agricultura,Lavoura Temporária,Outras Lavouras Temporárias,6,7. 60 até 70 ton/ha,2006,Foz do Iguaçu,52.45286508178711,3197.5137019409194
1,Muito argilosa,41,Antrópico,Agricultura,Agricultura,Lavoura Temporária,Outras Lavouras Temporárias,6,7. 60 até 70 ton/ha,2006,Toledo,1017.7275452941973,64045.47243416733
1,Muito argilosa,41,Antrópico,Agricultura,Agricultura,Lavoura Temporária,Outras Lavouras Temporárias,6,7. 60 até 70 ton/ha,2006,Marechal Cândido Rondon,2.4442567993164057,152.44014005737307
1,Muito argilosa,41,Antrópico,Agricultura,Agricultura,Lavoura Temporária,Outras Lavouras Temporárias,7,8. 70 até 80 ton/ha,2006,Cascavel,1125.0629299377424,80871.74239957912
1,Muito argilosa,41,Antrópico,Agricultura,Agricultura,Lavoura Temporária,Outras Lavouras Temporárias,7,8. 70 até 80 ton/ha,2006,Foz do Iguaçu,0.08088451538085938,5.661916076660156
1,Muito argilosa,41,Antrópico,Agricultura,Agricultura,Lavoura Temporária,Outras Lavouras Temporárias,7,8. 70 até 80 ton/ha,2006,Toledo,8.299302124023436,583.7991958679199
1,Muito argilosa,41,Antrópico,Agricultura,Agricultura,Lavoura Temporária,Outras Lavouras Temporárias,8,9. mais de 80 ton/h,2006,Cascavel,31.882520269775384,2574.049026458738
1,Muito argilosa,46,Antrópico,Agricultura,Agricultura,Lavoura Perene,Café,4,5. 40 até 50 ton/ha,2006,Cascavel,0.8149199035644532,39.931075274658205
1,Muito argilosa,46,Antrópico,Agricultura,Agricultura,Lavoura Perene,Café,4,5. 40 até 50 ton/ha,2006,Toledo,5.303213299560546,259.85745167846676
1,Muito argilosa,46,Antrópico,Agricultura,Agricultura,Lavoura Perene,Café,4,5. 40 até 50 ton/ha,2006,Marechal Cândido Rondon,0.3261901611328125,15.983317895507813
1,Muito argilosa,46,Antrópico,Agricultura,Agricultura,Lavoura Perene,Café,5,6. 50 até 60 ton/ha,2006,Cascavel,365.6943449279783,20380.62988671264
1,Muito argilosa,46,Antrópico,Agricultura,Agricultura,Lavoura Perene,Café,5,6. 50 até 60 ton/ha,2006,Toledo,215.42719790039078,11312.094143231197
1,Muito argilosa,46,Antrópico,Agricultura,Agricultura,Lavoura Perene,Café,5,6. 50 até 60 ton/ha,2006,Marechal Cândido Rondon,0.9785595275878907,49.33548297729492
1,Muito argilosa,46,Antrópico,Agricultura,Agricultura,Lavoura Perene,Café,6,7. 60 até 70 ton/ha,2006,Cascavel,1771.3976527587927,114712.04099826668
1,Muito argilosa,46,Antrópico,Agricultura,Agricultura,Lavoura Perene,Café,6,7. 60 até 70 ton/ha,2006,Toledo,33.285575561523444,2088.039144787598
1,Muito argilosa,46,Antrópico,Agricultura,Agricultura,Lavoura Perene,Café,7,8. 70 até 80 ton/ha,2006,Cascavel,57.78316235961914,4130.02646176758
1,Muito argilosa,46,Antrópico,Agricultura,Agricultura,Lavoura Perene,Café,8,9. mais de 80 ton/h,2006,Cascavel,4.056684088134765,325.4272613708496
1,Muito argilosa,48,Antrópico,Agricultura,Agricultura,Lavoura Perene,Outras Lavouras Perenes,6,7. 60 até 70 ton/ha,2006,Cascavel,5.031988647460938,331.0585923400879
1,Muito argilosa,48,Antrópico,Agricultura,Agricultura,Lavoura Perene,Outras Lavouras Perenes,7,8. 70 até 80 ton/ha,2006,Cascavel,0.162313623046875,12.01120810546875
2,Argilosa,0,Antrópico,Outros,Outras Áreas não Vegetadas,Outras Áreas não Vegetadas,Outras Áreas não Vegetadas,4,5. 40 até 50 ton/ha,2006,Toledo,0.8987583007812501,43.793899194335935
2,Argilosa,0,Antrópico,Outros,Outras Áreas não Vegetadas,Outras Áreas não Vegetadas,Outras Áreas não Vegetadas,5,6. 50 até 60 ton/ha,2006,Cascavel,1.7066287414550783,95.72809954223634
2,Argilosa,0,Antrópico,Outros,Outras Áreas não Vegetadas,Outras Áreas não Vegetadas,Outras Áreas não Vegetadas,5,6. 50 até 60 ton/ha,2006,Toledo,1.9576066589355468,102.11720382690429
2,Argilosa,0,Antrópico,Outros,Outras Áreas não Vegetadas,Outras Áreas não Vegetadas,Outras Áreas não Vegetadas,6,7. 60 até 70 ton/ha,2006,Cascavel,1.4613863830566405,89.22528568115236
2,Argilosa,0,Antrópico,Outros,Outras Áreas não Vegetadas,Outras Áreas não Vegetadas,Outras Áreas não Vegetadas,6,7. 60 até 70 ton/ha,2006,Toledo,0.2437171081542969,14.785504736328125
2,Argilosa,3,Natural,Formação Florestal,Formação Florestal,Formação Florestal,Formação Florestal,4,5. 40 até 50 ton/ha,2006,Cascavel,582.5107008666992,28358.51389478147
2,Argilosa,3,Natural,Formação Florestal,Formação Florestal,Formação Florestal,Formação Florestal,4,5. 40 até 50 ton/ha,2006,Foz do Iguaçu,480.15309219360296,23314.14051865233
2,Argilosa,3,Natural,Formação Florestal,Formação Florestal,Formação Florestal,Formação Florestal,4,5. 40 até 50 ton/ha,2006,Toledo,3660.8404857787987,177153.89944476882
2,Argilosa,3,Natural,Formação Florestal,Formação Florestal,Formação Florestal,Formação Florestal,4,5. 40 até 50 ton/ha,2006,Marechal Cândido Rondon,2469.2507732055738,119186.16874368295
2,Argilosa,3,Natural,Formação Florestal,Formação Florestal,Formação Florestal,Formação Florestal,5,6. 50 até 60 ton/ha,2006,Cascavel,75743.76174147411,4322557.878044682
2,Argilosa,3,Natural,Formação Florestal,Formação Florestal,Formação Florestal,Formação Florestal,5,6. 50 até 60 ton/ha,2006,Foz do Iguaçu,29101.565191809586,1659590.2683050535
2,Argilosa,3,Natural,Formação Florestal,Formação Florestal,Formação Florestal,Formação Florestal,5,6. 50 até 60 ton/ha,2006,Toledo,35670.92965661018,1966908.7770966436
2,Argilosa,3,Natural,Formação Florestal,Formação Florestal,Formação Florestal,Formação Florestal,5,6. 50 até 60 ton/ha,2006,Marechal Cândido Rondon,14987.112645031826,815334.6493705678
2,Argilosa,3,Natural,Formação Florestal,Formação Florestal,Formação Florestal,Formação Florestal,6,7. 60 até 70 ton/ha,2006,Cascavel,137760.66978863775,8524575.747974439
2,Argilosa,3,Natural,Formação Florestal,Formação Florestal,Formação Florestal,Formação Florestal,6,7. 60 até 70 ton/ha,2006,Foz do Iguaçu,29112.019711097346,1781147.3233945654
2,Argilosa,3,Natural,Formação Florestal,Formação Florestal,Formação Florestal,Formação Florestal,6,7. 60 até 70 ton/ha,2006,Toledo,9469.207716095008,576900.73116589
2,Argilosa,3,Natural,Formação Florestal,Formação Florestal,Formação Florestal,Formação Florestal,6,7. 60 até 70 ton/ha,2006,Marechal Cândido Rondon,853.8951805236834,51585.48121056523
2,Argilosa,3,Natural,Formação Florestal,Formação Florestal,Formação Florestal,Formação Florestal,7,8. 70 até 80 ton/ha,2006,Cascavel,759.9356726928714,54284.29413811034
2,Argilosa,3,Natural,Formação Florestal,Formação Florestal,Formação Florestal,Formação Florestal,7,8. 70 até 80 ton/ha,2006,Foz do Iguaçu,437.5509555358892,31627.583119238167
2,Argilosa,3,Natural,Formação Florestal,Formação Florestal,Formação Florestal,Formação Florestal,7,8. 70 até 80 ton/ha,2006,Toledo,85.44113745117208,6100.086639813226
2,Argilosa,3,Natural,Formação Florestal,Formação Florestal,Formação Florestal,Formação Florestal,8,9. mais de 80 ton/h,2006,Cascavel,45.921735095214785,3876.4867546874943
2,Argilosa,3,Natural,Formação Florestal,Formação Florestal,Formação Florestal,Formação Florestal,8,9. mais de 80 ton/h,2006,Foz do Iguaçu,211.52706296386722,18874.505116662633
2,Argilosa,3,Natural,Formação Florestal,Formação Florestal,Formação Florestal,Formação Florestal,8,9. mais de 80 ton/h,2006,Toledo,82.14921405639706,7585.674867108156
2,Argilosa,9,Antrópico,Silvicultura,Silvicultura,Silvicultura,Silvicultura,4,5. 40 até 50 ton/ha,2006,Cascavel,36.23299234619137,1736.071944116213
2,Argilosa,9,Antrópico,Silvicultura,Silvicultura,Silvicultura,Silvicultura,4,5. 40 até 50 ton/ha,2006,Toledo,138.22002347412104,6715.96948210449
2,Argilosa,9,Antrópico,Silvicultura,Silvicultura,Silvicultura,Silvicultura,4,5. 40 até 50 ton/ha,2006,Marechal Cândido Rondon,0.8147836853027344,39.19096654052734
2,Argilosa,9,Antrópico,Silvicultura,Silvicultura,Silvicultura,Silvicultura,5,6. 50 até 60 ton/ha,2006,Cascavel,1100.5623695739753,62895.95713436894
2,Argilosa,9,Antrópico,Silvicultura,Silvicultura,Silvicultura,Silvicultura,5,6. 50 até 60 ton/ha,2006,Foz do Iguaçu,19.758915539550785,1115.65042421875
2,Argilosa,9,Antrópico,Silvicultura,Silvicultura,Silvicultura,Silvicultura,5,6. 50 até 60 ton/ha,2006,Toledo,921.4123148071288,49649.56972173464
2,Argilosa,9,Antrópico,Silvicultura,Silvicultura,Silvicultura,Silvicultura,5,6. 50 até 60 ton/ha,2006,Marechal Cândido Rondon,2.6070130065917967,132.71322646484376
2,Argilosa,9,Antrópico,Silvicultura,Silvicultura,Silvicultura,Silvicultura,6,7. 60 até 70 ton/ha,2006,Cascavel,3880.077863323961,242697.39403226777
2,Argilosa,9,Antrópico,Silvicultura,Silvicultura,Silvicultura,Silvicultura,6,7. 60 até 70 ton/ha,2006,Foz do Iguaçu,23.96353019409179,1493.1879711059555
2,Argilosa,9,Antrópico,Silvicultura,Silvicultura,Silvicultura,Silvicultura,6,7. 60 até 70 ton/ha,2006,Toledo,88.29946328735369,5330.921340222175
2,Argilosa,9,Antrópico,Silvicultura,Silvicultura,Silvicultura,Silvicultura,7,8. 70 até 80 ton/ha,2006,Cascavel,5.4358501281738265,388.70341012573226
2,Argilosa,9,Antrópico,Silvicultura,Silvicultura,Silvicultura,Silvicultura,8,9. mais de 80 ton/h,2006,Cascavel,1.2980526733398436,104.24985244140626
2,Argilosa,11,Natural,Campo Alagado e Área Pantanosa,Campo Alagado e Área Pantanosa,Campo Alagado e Área Pantanosa,Campo Alagado e Área Pantanosa,4,5. 40 até 50 ton/ha,2006,Cascavel,0.8942527099609375,42.11116833496094
2,Argilosa,11,Natural,Campo Alagado e Área Pantanosa,Campo Alagado e Área Pantanosa,Campo Alagado e Área Pantanosa,Campo Alagado e Área Pantanosa,4,5. 40 até 50 ton/ha,2006,Foz do Iguaçu,10.278858929443363,497.1898737121582
2,Argilosa,11,Natural,Campo Alagado e Área Pantanosa,Campo Alagado e Área Pantanosa,Campo Alagado e Área Pantanosa,Campo Alagado e Área Pantanosa,4,5. 40 até 50 ton/ha,2006,Toledo,795.9687478881806,38136.2140305419
2,Argilosa,11,Natural,Campo Alagado e Área Pantanosa,Campo Alagado e Área Pantanosa,Campo Alagado e Área Pantanosa,Campo Alagado e Área Pantanosa,4,5. 40 até 50 ton/ha,2006,Marechal Cândido Rondon,14.750661059570318,706.8044524353029
2,Argilosa,11,Natural,Campo Alagado e Área Pantanosa,Campo Alagado e Área Pantanosa,Campo Alagado e Área Pantanosa,Campo Alagado e Área Pantanosa,5,6. 50 até 60 ton/ha,2006,Cascavel,20.91814856567382,1221.0001002929687
2,Argilosa,11,Natural,Campo Alagado e Área Pantanosa,Campo Alagado e Área Pantanosa,Campo Alagado e Área Pantanosa,Campo Alagado e Área Pantanosa,5,6. 50 até 60 ton/ha,2006,Foz do Iguaçu,38.130876177978514,2111.597031420899
2,Argilosa,11,Natural,Campo Alagado e Área Pantanosa,Campo Alagado e Área Pantanosa,Campo Alagado e Área Pantanosa,Campo Alagado e Área Pantanosa,5,6. 50 até 60 ton/ha,2006,Toledo,398.96010839843484,20830.623035137898
2,Argilosa,11,Natural,Campo Alagado e Área Pantanosa,Campo Alagado e Área Pantanosa,Campo Alagado e Área Pantanosa,Campo Alagado e Área Pantanosa,5,6. 50 até 60 ton/ha,2006,Marechal Cândido Rondon,9.371289239501952,479.89394185180663
2,Argilosa,11,Natural,Campo Alagado e Área Pantanosa,Campo Alagado e Área Pantanosa,Campo Alagado e Área Pantanosa,Campo Alagado e Área Pantanosa,6,7. 60 até 70 ton/ha,2006,Cascavel,11.55976024169922,694.1554733032233
2,Argilosa,11,Natural,Campo Alagado e Área Pantanosa,Campo Alagado e Área Pantanosa,Campo Alagado e Área Pantanosa,Campo Alagado e Área Pantanosa,6,7. 60 até 70 ton/ha,2006,Foz do Iguaçu,10.687915167236325,666.8585054260253
2,Argilosa,11,Natural,Campo Alagado e Área Pantanosa,Campo Alagado e Área Pantanosa,Campo Alagado e Área Pantanosa,Campo Alagado e Área Pantanosa,6,7. 60 até 70 ton/ha,2006,Toledo,3.1805915466308594,191.89475806884764
2,Argilosa,11,Natural,Campo Alagado e Área Pantanosa,Campo Alagado e Área Pantanosa,Campo Alagado e Área Pantanosa,Campo Alagado e Área Pantanosa,7,8. 70 até 80 ton/ha,2006,Foz do Iguaçu,1.7001623168945315,119.33520621948244
2,Argilosa,15,Antrópico,Pastagem,Pastagem,Pastagem,Pastagem,4,5. 40 até 50 ton/ha,2006,Cascavel,8600.095273583987,416439.97307027545
2,Argilosa,15,Antrópico,Pastagem,Pastagem,Pastagem,Pastagem,4,5. 40 até 50 ton/ha,2006,Foz do Iguaçu,2879.836533691421,139262.04970176812
2,Argilosa,15,Antrópico,Pastagem,Pastagem,Pastagem,Pastagem,4,5. 40 até 50 ton/ha,2006,Toledo,19136.434869177272,915145.1812672928
2,Argilosa,15,Antrópico,Pastagem,Pastagem,Pastagem,Pastagem,4,5. 40 até 50 ton/ha,2006,Marechal Cândido Rondon,4255.659601440367,203815.08566071937
2,Argilosa,15,Antrópico,Pastagem,Pastagem,Pastagem,Pastagem,5,6. 50 até 60 ton/ha,2006,Cascavel,103494.2615444023,5715892.15207417
2,Argilosa,15,Antrópico,Pastagem,Pastagem,Pastagem,Pastagem,5,6. 50 até 60 ton/ha,2006,Foz do Iguaçu,12883.120835382235,687932.128970485
2,Argilosa,15,Antrópico,Pastagem,Pastagem,Pastagem,Pastagem,5,6. 50 até 60 ton/ha,2006,Toledo,21087.801200335365,1102381.634853962
2,Argilosa,15,Antrópico,Pastagem,Pastagem,Pastagem,Pastagem,5,6. 50 até 60 ton/ha,2006,Marechal Cândido Rondon,2735.4440331115698,141523.24949694367
2,Argilosa,15,Antrópico,Pastagem,Pastagem,Pastagem,Pastagem,6,7. 60 até 70 ton/ha,2006,Cascavel,36872.07098821412,2260062.7683635256
2,Argilosa,15,Antrópico,Pastagem,Pastagem,Pastagem,Pastagem,6,7. 60 até 70 ton/ha,2006,Foz do Iguaçu,232.08081407470704,14094.273314898674
2,Argilosa,15,Antrópico,Pastagem,Pastagem,Pastagem,Pastagem,6,7. 60 até 70 ton/ha,2006,Toledo,442.1824297607445,26722.542312036083
2,Argilosa,15,Antrópico,Pastagem,Pastagem,Pastagem,Pastagem,6,7. 60 até 70 ton/ha,2006,Marechal Cândido Rondon,0.0814554443359375,4.88732666015625
2,Argilosa,15,Antrópico,Pastagem,Pastagem,Pastagem,Pastagem,7,8. 70 até 80 ton/ha,2006,Cascavel,196.16237719726576,14583.151510510323
2,Argilosa,15,Antrópico,Pastagem,Pastagem,Pastagem,Pastagem,7,8. 70 até 80 ton/ha,2006,Foz do Iguaçu,4.291685729980469,309.2442409240722
2,Argilosa,15,Antrópico,Pastagem,Pastagem,Pastagem,Pastagem,8,9. mais de 80 ton/h,2006,Cascavel,9.816649420166016,785.818970806885
2,Argilosa,15,Antrópico,Pastagem,Pastagem,Pastagem,Pastagem,8,9. mais de 80 ton/h,2006,Foz do Iguaçu,1.2973918823242185,113.36026016845702
2,Argilosa,20,Antrópico,Agricultura,Agricultura,Lavoura Temporária,Cana,5,6. 50 até 60 ton/ha,2006,Cascavel,3.090492370605469,169.30851542968753
2,Argilosa,21,Antrópico,Mosaico de Usos,Mosaico de Usos,Mosaico de Usos,Mosaico de Usos,4,5. 40 até 50 ton/ha,2006,Cascavel,5408.578660845953,261953.93192936358
2,Argilosa,21,Antrópico,Mosaico de Usos,Mosaico de Usos,Mosaico de Usos,Mosaico de Usos,4,5. 40 até 50 ton/ha,2006,Foz do Iguaçu,5744.668746521086,277673.9781538411
2,Argilosa,21,Antrópico,Mosaico de Usos,Mosaico de Usos,Mosaico de Usos,Mosaico de Usos,4,5. 40 até 50 ton/ha,2006,Toledo,30247.650597686657,1454720.2598456845
2,Argilosa,21,Antrópico,Mosaico de Usos,Mosaico de Usos,Mosaico de Usos,Mosaico de Usos,4,5. 40 até 50 ton/ha,2006,Marechal Cândido Rondon,14821.666907427934,709538.3848777523
2,Argilosa,21,Antrópico,Mosaico de Usos,Mosaico de Usos,Mosaico de Usos,Mosaico de Usos,5,6. 50 até 60 ton/ha,2006,Cascavel,81749.2608210919,4528013.889706917
2,Argilosa,21,Antrópico,Mosaico de Usos,Mosaico de Usos,Mosaico de Usos,Mosaico de Usos,5,6. 50 até 60 ton/ha,2006,Foz do Iguaçu,23918.346824776345,1283951.2508500044
2,Argilosa,21,Antrópico,Mosaico de Usos,Mosaico de Usos,Mosaico de Usos,Mosaico de Usos,5,6. 50 até 60 ton/ha,2006,Toledo,39515.798419776205,2073764.4245389386
2,Argilosa,21,Antrópico,Mosaico de Usos,Mosaico de Usos,Mosaico de Usos,Mosaico de Usos,5,6. 50 até 60 ton/ha,2006,Marechal Cândido Rondon,7714.085369482283,396701.80586756923
2,Argilosa,21,Antrópico,Mosaico de Usos,Mosaico de Usos,Mosaico de Usos,Mosaico de Usos,6,7. 60 até 70 ton/ha,2006,Cascavel,37254.48496529552,2298581.132014302
2,Argilosa,21,Antrópico,Mosaico de Usos,Mosaico de Usos,Mosaico de Usos,Mosaico de Usos,6,7. 60 até 70 ton/ha,2006,Foz do Iguaçu,1197.9879225769039,72698.65257879626
2,Argilosa,21,Antrópico,Mosaico de Usos,Mosaico de Usos,Mosaico de Usos,Mosaico de Usos,6,7. 60 até 70 ton/ha,2006,Toledo,1227.2161419006336,74833.787335608
2,Argilosa,21,Antrópico,Mosaico de Usos,Mosaico de Usos,Mosaico de Usos,Mosaico de Usos,6,7. 60 até 70 ton/ha,2006,Marechal Cândido Rondon,5.867492718505859,353.1082241760254
2,Argilosa,21,Antrópico,Mosaico de Usos,Mosaico de Usos,Mosaico de Usos,Mosaico de Usos,7,8. 70 até 80 ton/ha,2006,Cascavel,103.7206265258789,7643.548947625719
2,Argilosa,21,Antrópico,Mosaico de Usos,Mosaico de Usos,Mosaico de Usos,Mosaico de Usos,7,8. 70 até 80 ton/ha,2006,Foz do Iguaçu,12.317782324218754,874.5636774230957
2,Argilosa,21,Antrópico,Mosaico de Usos,Mosaico de Usos,Mosaico de Usos,Mosaico de Usos,7,8. 70 até 80 ton/ha,2006,Toledo,0.3252371765136719,22.84783112182617
2,Argilosa,21,Antrópico,Mosaico de Usos,Mosaico de Usos,Mosaico de Usos,Mosaico de Usos,8,9. mais de 80 ton/h,2006,Cascavel,26.44867825927734,2117.516896472168
2,Argilosa,21,Antrópico,Mosaico de Usos,Mosaico de Usos,Mosaico de Usos,Mosaico de Usos,8,9. mais de 80 ton/h,2006,Foz do Iguaçu,13.371506384277335,1159.027278948974
2,Argilosa,24,Antrópico,Outros,Área Urbanizada,Área Urbanizada,Área Urbanizada,0,1. 0 até 10 ton/ha,2006,Cascavel,5169.24318823894,0.0
2,Argilosa,24,Antrópico,Outros,Área Urbanizada,Área Urbanizada,Área Urbanizada,0,1. 0 até 10 ton/ha,2006,Foz do Iguaçu,4346.331330731214,0.0
2,Argilosa,24,Antrópico,Outros,Área Urbanizada,Área Urbanizada,Área Urbanizada,0,1. 0 até 10 ton/ha,2006,Toledo,4402.56362263795,0.0
2,Argilosa,24,Antrópico,Outros,Área Urbanizada,Área Urbanizada,Área Urbanizada,0,1. 0 até 10 ton/ha,2006,Marechal Cândido Rondon,1298.3863462951645,0.0
2,Argilosa,25,Antrópico,Outros,Outras Áreas não Vegetadas,Outras Áreas não Vegetadas,Outras Áreas não Vegetadas,4,5. 40 até 50 ton/ha,2006,Cascavel,3.647951989746094,176.88355770874026
2,Argilosa,25,Antrópico,Outros,Outras Áreas não Vegetadas,Outras Áreas não Vegetadas,Outras Áreas não Vegetadas,4,5. 40 até 50 ton/ha,2006,Foz do Iguaçu,16.601753540039063,801.7383743774416
2,Argilosa,25,Antrópico,Outros,Outras Áreas não Vegetadas,Outras Áreas não Vegetadas,Outras Áreas não Vegetadas,4,5. 40 até 50 ton/ha,2006,Toledo,17.597256756591797,846.616620501709
2,Argilosa,25,Antrópico,Outros,Outras Áreas não Vegetadas,Outras Áreas não Vegetadas,Outras Áreas não Vegetadas,4,5. 40 até 50 ton/ha,2006,Marechal Cândido Rondon,26.08197433471679,1248.509896850586
2,Argilosa,25,Antrópico,Outros,Outras Áreas não Vegetadas,Outras Áreas não Vegetadas,Outras Áreas não Vegetadas,5,6. 50 até 60 ton/ha,2006,Cascavel,36.32899508666992,2016.3423250732424
2,Argilosa,25,Antrópico,Outros,Outras Áreas não Vegetadas,Outras Áreas não Vegetadas,Outras Áreas não Vegetadas,5,6. 50 até 60 ton/ha,2006,Foz do Iguaçu,68.72268886108397,3723.5293802673336
2,Argilosa,25,Antrópico,Outros,Outras Áreas não Vegetadas,Outras Áreas não Vegetadas,Outras Áreas não Vegetadas,5,6. 50 até 60 ton/ha,2006,Toledo,32.412055633544924,1705.1401721801758
2,Argilosa,25,Antrópico,Outros,Outras Áreas não Vegetadas,Outras Áreas não Vegetadas,Outras Áreas não Vegetadas,5,6. 50 até 60 ton/ha,2006,Marechal Cândido Rondon,16.951010461425785,873.7964932434081
2,Argilosa,25,Antrópico,Outros,Outras Áreas não Vegetadas,Outras Áreas não Vegetadas,Outras Áreas não Vegetadas,6,7. 60 até 70 ton/ha,2006,Cascavel,22.407932617187498,1383.6959528869625
2,Argilosa,25,Antrópico,Outros,Outras Áreas não Vegetadas,Outras Áreas não Vegetadas,Outras Áreas não Vegetadas,6,7. 60 até 70 ton/ha,2006,Foz do Iguaçu,4.854630200195313,292.3296922241212
2,Argilosa,25,Antrópico,Outros,Outras Áreas não Vegetadas,Outras Áreas não Vegetadas,Outras Áreas não Vegetadas,6,7. 60 até 70 ton/ha,2006,Toledo,0.40699888916015625,24.50131857910156
2,Argilosa,25,Antrópico,Outros,Outras Áreas não Vegetadas,Outras Áreas não Vegetadas,Outras Áreas não Vegetadas,7,8. 70 até 80 ton/ha,2006,Cascavel,0.4056068115234375,31.069161297607423
2,Argilosa,39,Antrópico,Agricultura,Agricultura,Lavoura Temporária,Soja,4,5. 40 até 50 ton/ha,2006,Cascavel,4239.338624536125,205458.13856535047
2,Argilosa,39,Antrópico,Agricultura,Agricultura,Lavoura Temporária,Soja,4,5. 40 até 50 ton/ha,2006,Foz do Iguaçu,9780.57049475099,473580.0147888575
2,Argilosa,39,Antrópico,Agricultura,Agricultura,Lavoura Temporária,Soja,4,5. 40 até 50 ton/ha,2006,Toledo,38418.3088648378,1847017.3023939515
2,Argilosa,39,Antrópico,Agricultura,Agricultura,Lavoura Temporária,Soja,4,5. 40 até 50 ton/ha,2006,Marechal Cândido Rondon,19139.195631042203,917134.890473762
2,Argilosa,39,Antrópico,Agricultura,Agricultura,Lavoura Temporária,Soja,5,6. 50 até 60 ton/ha,2006,Cascavel,51630.40650930709,2842500.9445016384
2,Argilosa,39,Antrópico,Agricultura,Agricultura,Lavoura Temporária,Soja,5,6. 50 até 60 ton/ha,2006,Foz do Iguaçu,31040.36355040881,1655140.872580512
2,Argilosa,39,Antrópico,Agricultura,Agricultura,Lavoura Temporária,Soja,5,6. 50 até 60 ton/ha,2006,Toledo,31232.947397094194,1628037.355142781
2,Argilosa,39,Antrópico,Agricultura,Agricultura,Lavoura Temporária,Soja,5,6. 50 até 60 ton/ha,2006,Marechal Cândido Rondon,10209.018616449002,519532.6526299929
2,Argilosa,39,Antrópico,Agricultura,Agricultura,Lavoura Temporária,Soja,6,7. 60 até 70 ton/ha,2006,Cascavel,26573.52661996452,1669557.7189895145
2,Argilosa,39,Antrópico,Agricultura,Agricultura,Lavoura Temporária,Soja,6,7. 60 até 70 ton/ha,2006,Foz do Iguaçu,1052.7378821899401,64083.93503104232
2,Argilosa,39,Antrópico,Agricultura,Agricultura,Lavoura Temporária,Soja,6,7. 60 até 70 ton/ha,2006,Toledo,2499.5320724182016,159261.96617252176
2,Argilosa,39,Antrópico,Agricultura,Agricultura,Lavoura Temporária,Soja,6,7. 60 até 70 ton/ha,2006,Marechal Cândido Rondon,11.807245404052745,710.7961214477542
2,Argilosa,39,Antrópico,Agricultura,Agricultura,Lavoura Temporária,Soja,7,8. 70 até 80 ton/ha,2006,Cascavel,537.8519501220659,37974.83690508427
2,Argilosa,39,Antrópico,Agricultura,Agricultura,Lavoura Temporária,Soja,7,8. 70 até 80 ton/ha,2006,Foz do Iguaçu,52.04547427978519,3675.8705791748025
2,Argilosa,39,Antrópico,Agricultura,Agricultura,Lavoura Temporária,Soja,7,8. 70 até 80 ton/ha,2006,Toledo,40.361225854492034,2835.702311132814
2,Argilosa,39,Antrópico,Agricultura,Agricultura,Lavoura Temporária,Soja,8,9. mais de 80 ton/h,2006,Foz do Iguaçu,11.597879571533209,997.0086850708005
2,Argilosa,41,Antrópico,Agricultura,Agricultura,Lavoura Temporária,Outras Lavouras Temporárias,4,5. 40 até 50 ton/ha,2006,Cascavel,3624.2819393188474,175316.25205045746
2,Argilosa,41,Antrópico,Agricultura,Agricultura,Lavoura Temporária,Outras Lavouras Temporárias,4,5. 40 até 50 ton/ha,2006,Foz do Iguaçu,1702.090895458995,82363.06012134357
2,Argilosa,41,Antrópico,Agricultura,Agricultura,Lavoura Temporária,Outras Lavouras Temporárias,4,5. 40 até 50 ton/ha,2006,Toledo,12615.960595861829,605834.8141864704
2,Argilosa,41,Antrópico,Agricultura,Agricultura,Lavoura Temporária,Outras Lavouras Temporárias,4,5. 40 até 50 ton/ha,2006,Marechal Cândido Rondon,3517.9135021179027,168461.0012815299
2,Argilosa,41,Antrópico,Agricultura,Agricultura,Lavoura Temporária,Outras Lavouras Temporárias,5,6. 50 até 60 ton/ha,2006,Cascavel,31069.73112420681,1702887.171986627
2,Argilosa,41,Antrópico,Agricultura,Agricultura,Lavoura Temporária,Outras Lavouras Temporárias,5,6. 50 até 60 ton/ha,2006,Foz do Iguaçu,5351.133531542915,282969.4589129513
2,Argilosa,41,Antrópico,Agricultura,Agricultura,Lavoura Temporária,Outras Lavouras Temporárias,5,6. 50 até 60 ton/ha,2006,Toledo,11398.187651031487,593287.6459986926
2,Argilosa,41,Antrópico,Agricultura,Agricultura,Lavoura Temporária,Outras Lavouras Temporárias,5,6. 50 até 60 ton/ha,2006,Marechal Cândido Rondon,1974.3480723877053,100761.20821464255
2,Argilosa,41,Antrópico,Agricultura,Agricultura,Lavoura Temporária,Outras Lavouras Temporárias,6,7. 60 até 70 ton/ha,2006,Cascavel,10502.28819215692,650431.5796003308
2,Argilosa,41,Antrópico,Agricultura,Agricultura,Lavoura Temporária,Outras Lavouras Temporárias,6,7. 60 até 70 ton/ha,2006,Foz do Iguaçu,81.54831677246096,4926.845398986818
2,Argilosa,41,Antrópico,Agricultura,Agricultura,Lavoura Temporária,Outras Lavouras Temporárias,6,7. 60 até 70 ton/ha,2006,Toledo,323.1083729858405,19999.33321038817
2,Argilosa,41,Antrópico,Agricultura,Agricultura,Lavoura Temporária,Outras Lavouras Temporárias,6,7. 60 até 70 ton/ha,2006,Marechal Cândido Rondon,0.16295191650390622,9.858590863037108
2,Argilosa,41,Antrópico,Agricultura,Agricultura,Lavoura Temporária,Outras Lavouras Temporárias,7,8. 70 até 80 ton/ha,2006,Cascavel,36.54729275512696,2618.525327081299
2,Argilosa,41,Antrópico,Agricultura,Agricultura,Lavoura Temporária,Outras Lavouras Temporárias,7,8. 70 até 80 ton/ha,2006,Foz do Iguaçu,2.677364636230469,188.7941192993164
2,Argilosa,41,Antrópico,Agricultura,Agricultura,Lavoura Temporária,Outras Lavouras Temporárias,7,8. 70 até 80 ton/ha,2006,Toledo,1.7902328796386717,125.88592360839843
2,Argilosa,41,Antrópico,Agricultura,Agricultura,Lavoura Temporária,Outras Lavouras Temporárias,8,9. mais de 80 ton/h,2006,Cascavel,0.7301135070800782,58.40908056640625
2,Argilosa,41,Antrópico,Agricultura,Agricultura,Lavoura Temporária,Outras Lavouras Temporárias,8,9. mais de 80 ton/h,2006,Foz do Iguaçu,19.62452782592774,1700.1171072326658
2,Argilosa,46,Antrópico,Agricultura,Agricultura,Lavoura Perene,Café,4,5. 40 até 50 ton/ha,2006,Cascavel,65.46805526733398,3173.7144898681636
2,Argilosa,46,Antrópico,Agricultura,Agricultura,Lavoura Perene,Café,4,5. 40 até 50 ton/ha,2006,Toledo,369.83140033569225,17705.73681420902
2,Argilosa,46,Antrópico,Agricultura,Agricultura,Lavoura Perene,Café,4,5. 40 até 50 ton/ha,2006,Marechal Cândido Rondon,7.82825914306641,367.92747555542013
2,Argilosa,46,Antrópico,Agricultura,Agricultura,Lavoura Perene,Café,5,6. 50 até 60 ton/ha,2006,Cascavel,842.0299177734371,47192.549658874515
2,Argilosa,46,Antrópico,Agricultura,Agricultura,Lavoura Perene,Café,5,6. 50 até 60 ton/ha,2006,Foz do Iguaçu,0.1621866455078125,9.569012084960939
2,Argilosa,46,Antrópico,Agricultura,Agricultura,Lavoura Perene,Café,5,6. 50 até 60 ton/ha,2006,Toledo,209.07563302001944,10843.24397075195
2,Argilosa,46,Antrópico,Agricultura,Agricultura,Lavoura Perene,Café,5,6. 50 até 60 ton/ha,2006,Marechal Cândido Rondon,1.4672414367675781,76.05116197509764
2,Argilosa,46,Antrópico,Agricultura,Agricultura,Lavoura Perene,Café,6,7. 60 até 70 ton/ha,2006,Cascavel,956.1477400451673,59787.506098150574
2,Argilosa,46,Antrópico,Agricultura,Agricultura,Lavoura Perene,Café,6,7. 60 até 70 ton/ha,2006,Toledo,18.95503721923828,1175.2162973754894
2,Argilosa,46,Antrópico,Agricultura,Agricultura,Lavoura Perene,Café,7,8. 70 até 80 ton/ha,2006,Cascavel,5.923370989990234,447.9807211791992
2,Argilosa,46,Antrópico,Agricultura,Agricultura,Lavoura Perene,Café,8,9. mais de 80 ton/h,2006,Cascavel,1.3792504028320312,110.50229809570314
2,Argilosa,48,Antrópico,Agricultura,Agricultura,Lavoura Perene,Outras Lavouras Perenes,4,5. 40 até 50 ton/ha,2006,Toledo,0.16322401123046876,7.8347525390625
2,Argilosa,48,Antrópico,Agricultura,Agricultura,Lavoura Perene,Outras Lavouras Perenes,5,6. 50 até 60 ton/ha,2006,Toledo,0.32644699707031255,16.403961517333986
2,Argilosa,48,Antrópico,Agricultura,Agricultura,Lavoura Perene,Outras Lavouras Perenes,6,7. 60 até 70 ton/ha,2006,Cascavel,2.7575319091796877,172.5918286743164
3,Siltosa,3,Natural,Formação Florestal,Formação Florestal,Formação Florestal,Formação Florestal,5,6. 50 até 60 ton/ha,2006,Cascavel,0.48655742797851564,28.05855619506836
3,Siltosa,3,Natural,Formação Florestal,Formação Florestal,Formação Florestal,Formação Florestal,6,7. 60 até 70 ton/ha,2006,Cascavel,6.568420642089844,404.4044348327637
3,Siltosa,15,Antrópico,Pastagem,Pastagem,Pastagem,Pastagem,5,6. 50 até 60 ton/ha,2006,Cascavel,4.297239569091797,247.45744810180662
3,Siltosa,15,Antrópico,Pastagem,Pastagem,Pastagem,Pastagem,6,7. 60 até 70 ton/ha,2006,Cascavel,1.541410626220703,92.72801063232421
3,Siltosa,21,Antrópico,Mosaico de Usos,Mosaico de Usos,Mosaico de Usos,Mosaico de Usos,5,6. 50 até 60 ton/ha,2006,Cascavel,2.1091873413085938,121.84712628173828
3,Siltosa,21,Antrópico,Mosaico de Usos,Mosaico de Usos,Mosaico de Usos,Mosaico de Usos,6,7. 60 até 70 ton/ha,2006,Cascavel,2.4319418701171873,146.7266261962891
3,Siltosa,41,Antrópico,Agricultura,Agricultura,Lavoura Temporária,Outras Lavouras Temporárias,5,6. 50 até 60 ton/ha,2006,Cascavel,0.08107313232421876,4.702241674804688
4,Arenosa,3,Natural,Formação Florestal,Formação Florestal,Formação Florestal,Formação Florestal,3,4. 30 até 40 ton/ha,2006,Cascavel,19.166385278320316,684.5512550964353
4,Arenosa,3,Natural,Formação Florestal,Formação Florestal,Formação Florestal,Formação Florestal,3,4. 30 até 40 ton/ha,2006,Foz do Iguaçu,1.946163439941406,68.60225313110351
4,Arenosa,3,Natural,Formação Florestal,Formação Florestal,Formação Florestal,Formação Florestal,3,4. 30 até 40 ton/ha,2006,Toledo,0.81541611328125,29.109882208251953
4,Arenosa,3,Natural,Formação Florestal,Formação Florestal,Formação Florestal,Formação Florestal,3,4. 30 até 40 ton/ha,2006,Marechal Cândido Rondon,1.060025146484375,37.5902746887207
4,Arenosa,3,Natural,Formação Florestal,Formação Florestal,Formação Florestal,Formação Florestal,4,5. 40 até 50 ton/ha,2006,Toledo,0.24466033325195313,9.94951993408203
4,Arenosa,11,Natural,Campo Alagado e Área Pantanosa,Campo Alagado e Área Pantanosa,Campo Alagado e Área Pantanosa,Campo Alagado e Área Pantanosa,3,4. 30 até 40 ton/ha,2006,Toledo,0.16366944580078124,5.728430603027344
4,Arenosa,15,Antrópico,Pastagem,Pastagem,Pastagem,Pastagem,3,4. 30 até 40 ton/ha,2006,Cascavel,28.302302520751958,1005.0157507568349
4,Arenosa,15,Antrópico,Pastagem,Pastagem,Pastagem,Pastagem,3,4. 30 até 40 ton/ha,2006,Foz do Iguaçu,0.4865287109375,17.028504882812502
4,Arenosa,15,Antrópico,Pastagem,Pastagem,Pastagem,Pastagem,3,4. 30 até 40 ton/ha,2006,Toledo,28.114117980957033,987.2624470458984
4,Arenosa,15,Antrópico,Pastagem,Pastagem,Pastagem,Pastagem,3,4. 30 até 40 ton/ha,2006,Marechal Cândido Rondon,7.013317254638672,246.85233004150393
4,Arenosa,15,Antrópico,Pastagem,Pastagem,Pastagem,Pastagem,4,5. 40 até 50 ton/ha,2006,Cascavel,1.134381365966797,46.42861125488282
4,Arenosa,21,Antrópico,Mosaico de Usos,Mosaico de Usos,Mosaico de Usos,Mosaico de Usos,3,4. 30 até 40 ton/ha,2006,Cascavel,13.295927032470704,476.7849368835448
4,Arenosa,21,Antrópico,Mosaico de Usos,Mosaico de Usos,Mosaico de Usos,Mosaico de Usos,3,4. 30 até 40 ton/ha,2006,Foz do Iguaçu,0.7284142822265625,25.49449987792969
4,Arenosa,21,Antrópico,Mosaico de Usos,Mosaico de Usos,Mosaico de Usos,Mosaico de Usos,3,4. 30 até 40 ton/ha,2006,Toledo,29.573179254150375,1041.5958591735834
4,Arenosa,21,Antrópico,Mosaico de Usos,Mosaico de Usos,Mosaico de Usos,Mosaico de Usos,3,4. 30 até 40 ton/ha,2006,Marechal Cândido Rondon,11.660960351562501,411.72225253295903
4,Arenosa,21,Antrópico,Mosaico de Usos,Mosaico de Usos,Mosaico de Usos,Mosaico de Usos,4,5. 40 até 50 ton/ha,2006,Cascavel,1.05334814453125,43.025225280761724
4,Arenosa,24,Antrópico,Outros,Área Urbanizada,Área Urbanizada,Área Urbanizada,0,1. 0 até 10 ton/ha,2006,Cascavel,0.5661422302246094,0.0
4,Arenosa,24,Antrópico,Outros,Área Urbanizada,Área Urbanizada,Área Urbanizada,0,1. 0 até 10 ton/ha,2006,Toledo,12.00142852783203,0.0
4,Arenosa,24,Antrópico,Outros,Área Urbanizada,Área Urbanizada,Área Urbanizada,0,1. 0 até 10 ton/ha,2006,Marechal Cândido Rondon,3.7500631042480466,0.0
4,Arenosa,25,Antrópico,Outros,Outras Áreas não Vegetadas,Outras Áreas não Vegetadas,Outras Áreas não Vegetadas,3,4. 30 até 40 ton/ha,2006,Marechal Cândido Rondon,0.08155970458984375,2.8545896606445313
4,Arenosa,39,Antrópico,Agricultura,Agricultura,Lavoura Temporária,Soja,3,4. 30 até 40 ton/ha,2006,Cascavel,2.1850115234375,75.26224705810546
4,Arenosa,39,Antrópico,Agricultura,Agricultura,Lavoura Temporária,Soja,3,4. 30 até 40 ton/ha,2006,Foz do Iguaçu,0.08110051879882813,2.838518157958984
4,Arenosa,39,Antrópico,Agricultura,Agricultura,Lavoura Temporária,Soja,3,4. 30 até 40 ton/ha,2006,Toledo,38.4645831604004,1360.7166706542962
4,Arenosa,39,Antrópico,Agricultura,Agricultura,Lavoura Temporária,Soja,3,4. 30 até 40 ton/ha,2006,Marechal Cândido Rondon,35.71968805541993,1261.525505957031
4,Arenosa,41,Antrópico,Agricultura,Agricultura,Lavoura Temporária,Outras Lavouras Temporárias,3,4. 30 até 40 ton/ha,2006,Cascavel,0.5671412536621093,19.36442925415039
4,Arenosa,41,Antrópico,Agricultura,Agricultura,Lavoura Temporária,Outras Lavouras Temporárias,3,4. 30 até 40 ton/ha,2006,Toledo,17.80404893188477,625.7567777893066
4,Arenosa,41,Antrópico,Agricultura,Agricultura,Lavoura Temporária,Outras Lavouras Temporárias,3,4. 30 até 40 ton/ha,2006,Marechal Cândido Rondon,7.095244989013673,250.86189207763675
4,Arenosa,46,Antrópico,Agricultura,Agricultura,Lavoura Perene,Café,3,4. 30 até 40 ton/ha,2006,Toledo,0.4080176574707032,14.362232061767578
5,Média,0,Antrópico,Outros,Outras Áreas não Vegetadas,Outras Áreas não Vegetadas,Outras Áreas não Vegetadas,4,5. 40 até 50 ton/ha,2006,Cascavel,0.08134102172851562,3.90436904296875
5,Média,0,Antrópico,Outros,Outras Áreas não Vegetadas,Outras Áreas não Vegetadas,Outras Áreas não Vegetadas,4,5. 40 até 50 ton/ha,2006,Toledo,0.081770263671875,4.006742919921875
5,Média,0,Antrópico,Outros,Outras Áreas não Vegetadas,Outras Áreas não Vegetadas,Outras Áreas não Vegetadas,5,6. 50 até 60 ton/ha,2006,Cascavel,0.7320135009765625,39.04067721557617
5,Média,0,Antrópico,Outros,Outras Áreas não Vegetadas,Outras Áreas não Vegetadas,Outras Áreas não Vegetadas,5,6. 50 até 60 ton/ha,2006,Toledo,0.08176740112304688,4.333672259521485
5,Média,0,Antrópico,Outros,Outras Áreas não Vegetadas,Outras Áreas não Vegetadas,Outras Áreas não Vegetadas,6,7. 60 até 70 ton/ha,2006,Cascavel,0.081075244140625,4.945589892578125
5,Média,3,Natural,Formação Florestal,Formação Florestal,Formação Florestal,Formação Florestal,3,4. 30 até 40 ton/ha,2006,Cascavel,125.5410409362792,4670.367171765134
5,Média,3,Natural,Formação Florestal,Formação Florestal,Formação Florestal,Formação Florestal,3,4. 30 até 40 ton/ha,2006,Foz do Iguaçu,68.71663645019531,2531.4493710815445
5,Média,3,Natural,Formação Florestal,Formação Florestal,Formação Florestal,Formação Florestal,3,4. 30 até 40 ton/ha,2006,Toledo,60.28409018554687,2255.975858953858
5,Média,3,Natural,Formação Florestal,Formação Florestal,Formação Florestal,Formação Florestal,3,4. 30 até 40 ton/ha,2006,Marechal Cândido Rondon,41.66902747192381,1562.5479387451173
5,Média,3,Natural,Formação Florestal,Formação Florestal,Formação Florestal,Formação Florestal,4,5. 40 até 50 ton/ha,2006,Cascavel,4897.239166680923,232202.8942662177
5,Média,3,Natural,Formação Florestal,Formação Florestal,Formação Florestal,Formação Florestal,4,5. 40 até 50 ton/ha,2006,Foz do Iguaçu,1484.1939182311996,69264.90354041726
5,Média,3,Natural,Formação Florestal,Formação Florestal,Formação Florestal,Formação Florestal,4,5. 40 até 50 ton/ha,2006,Toledo,2004.6450833862252,93542.81288383773
5,Média,3,Natural,Formação Florestal,Formação Florestal,Formação Florestal,Formação Florestal,4,5. 40 até 50 ton/ha,2006,Marechal Cândido Rondon,898.2536160156226,41482.484470727526
5,Média,3,Natural,Formação Florestal,Formação Florestal,Formação Florestal,Formação Florestal,5,6. 50 até 60 ton/ha,2006,Cascavel,32753.32054323684,1817643.311255294
5,Média,3,Natural,Formação Florestal,Formação Florestal,Formação Florestal,Formação Florestal,5,6. 50 até 60 ton/ha,2006,Foz do Iguaçu,7304.549890905837,404894.129499976
5,Média,3,Natural,Formação Florestal,Formação Florestal,Formação Florestal,Formação Florestal,5,6. 50 até 60 ton/ha,2006,Toledo,2644.0616370117073,144901.29763455168
5,Média,3,Natural,Formação Florestal,Formação Florestal,Formação Florestal,Formação Florestal,5,6. 50 até 60 ton/ha,2006,Marechal Cândido Rondon,709.4923942565939,39675.72915902124
5,Média,3,Natural,Formação Florestal,Formação Florestal,Formação Florestal,Formação Florestal,6,7. 60 até 70 ton/ha,2006,Cascavel,16079.369830651909,977689.6642982287
5,Média,3,Natural,Formação Florestal,Formação Florestal,Formação Florestal,Formação Florestal,6,7. 60 até 70 ton/ha,2006,Foz do Iguaçu,4728.20572149655,292518.8183055183
5,Média,3,Natural,Formação Florestal,Formação Florestal,Formação Florestal,Formação Florestal,6,7. 60 até 70 ton/ha,2006,Toledo,1360.6271989318827,84102.71034791623
5,Média,3,Natural,Formação Florestal,Formação Florestal,Formação Florestal,Formação Florestal,6,7. 60 até 70 ton/ha,2006,Marechal Cândido Rondon,200.68277476806634,12226.884159356614
5,Média,3,Natural,Formação Florestal,Formação Florestal,Formação Florestal,Formação Florestal,7,8. 70 até 80 ton/ha,2006,Foz do Iguaçu,260.42035989990165,18858.45785733033
5,Média,3,Natural,Formação Florestal,Formação Florestal,Formação Florestal,Formação Florestal,7,8. 70 até 80 ton/ha,2006,Toledo,101.79650870971702,7318.987867437736
5,Média,3,Natural,Formação Florestal,Formação Florestal,Formação Florestal,Formação Florestal,7,8. 70 até 80 ton/ha,2006,Marechal Cândido Rondon,6.187676806640622,464.6457252136232
5,Média,3,Natural,Formação Florestal,Formação Florestal,Formação Florestal,Formação Florestal,8,9. mais de 80 ton/h,2006,Foz do Iguaçu,294.28776965942336,27145.26386679086
5,Média,3,Natural,Formação Florestal,Formação Florestal,Formação Florestal,Formação Florestal,8,9. mais de 80 ton/h,2006,Toledo,39.770187353515595,3649.844764062502
5,Média,3,Natural,Formação Florestal,Formação Florestal,Formação Florestal,Formação Florestal,8,9. mais de 80 ton/h,2006,Marechal Cândido Rondon,4.477967138671874,378.3475098022461
5,Média,9,Antrópico,Silvicultura,Silvicultura,Silvicultura,Silvicultura,3,4. 30 até 40 ton/ha,2006,Cascavel,0.5688652099609375,21.454425976562497
5,Média,9,Antrópico,Silvicultura,Silvicultura,Silvicultura,Silvicultura,3,4. 30 até 40 ton/ha,2006,Toledo,0.081704443359375,2.9413599609375
5,Média,9,Antrópico,Silvicultura,Silvicultura,Silvicultura,Silvicultura,4,5. 40 até 50 ton/ha,2006,Cascavel,73.21238439941419,3418.813014331056
5,Média,9,Antrópico,Silvicultura,Silvicultura,Silvicultura,Silvicultura,4,5. 40 até 50 ton/ha,2006,Toledo,14.831709643554687,678.6529085937499
5,Média,9,Antrópico,Silvicultura,Silvicultura,Silvicultura,Silvicultura,4,5. 40 até 50 ton/ha,2006,Marechal Cândido Rondon,0.3259888427734375,13.773028350830078
5,Média,9,Antrópico,Silvicultura,Silvicultura,Silvicultura,Silvicultura,5,6. 50 até 60 ton/ha,2006,Cascavel,153.59368662719717,8599.341775732426
5,Média,9,Antrópico,Silvicultura,Silvicultura,Silvicultura,Silvicultura,5,6. 50 até 60 ton/ha,2006,Toledo,8.530360864257814,449.34743239135724
5,Média,9,Antrópico,Silvicultura,Silvicultura,Silvicultura,Silvicultura,6,7. 60 até 70 ton/ha,2006,Cascavel,51.38408048095701,3092.7048406921404
5,Média,9,Antrópico,Silvicultura,Silvicultura,Silvicultura,Silvicultura,6,7. 60 até 70 ton/ha,2006,Foz do Iguaçu,0.8905263061523436,54.32210467529298
5,Média,9,Antrópico,Silvicultura,Silvicultura,Silvicultura,Silvicultura,6,7. 60 até 70 ton/ha,2006,Toledo,3.4939440490722657,211.7489808288574
5,Média,11,Natural,Campo Alagado e Área Pantanosa,Campo Alagado e Área Pantanosa,Campo Alagado e Área Pantanosa,Campo Alagado e Área Pantanosa,3,4. 30 até 40 ton/ha,2006,Toledo,764.6142756164154,28263.719022723402
5,Média,11,Natural,Campo Alagado e Área Pantanosa,Campo Alagado e Área Pantanosa,Campo Alagado e Área Pantanosa,Campo Alagado e Área Pantanosa,3,4. 30 até 40 ton/ha,2006,Marechal Cândido Rondon,0.24466631469726563,8.971098205566406
5,Média,11,Natural,Campo Alagado e Área Pantanosa,Campo Alagado e Área Pantanosa,Campo Alagado e Área Pantanosa,Campo Alagado e Área Pantanosa,4,5. 40 até 50 ton/ha,2006,Cascavel,0.08129617309570313,3.739623962402344
5,Média,11,Natural,Campo Alagado e Área Pantanosa,Campo Alagado e Área Pantanosa,Campo Alagado e Área Pantanosa,Campo Alagado e Área Pantanosa,4,5. 40 até 50 ton/ha,2006,Foz do Iguaçu,3.07550751953125,143.41268825073243
5,Média,11,Natural,Campo Alagado e Área Pantanosa,Campo Alagado e Área Pantanosa,Campo Alagado e Área Pantanosa,Campo Alagado e Área Pantanosa,4,5. 40 até 50 ton/ha,2006,Toledo,3230.401105621562,139750.60694301708
5,Média,11,Natural,Campo Alagado e Área Pantanosa,Campo Alagado e Área Pantanosa,Campo Alagado e Área Pantanosa,Campo Alagado e Área Pantanosa,4,5. 40 até 50 ton/ha,2006,Marechal Cândido Rondon,0.8971336791992189,38.08751347045899
5,Média,11,Natural,Campo Alagado e Área Pantanosa,Campo Alagado e Área Pantanosa,Campo Alagado e Área Pantanosa,Campo Alagado e Área Pantanosa,5,6. 50 até 60 ton/ha,2006,Foz do Iguaçu,1.6998321044921876,94.70412200927736
5,Média,11,Natural,Campo Alagado e Área Pantanosa,Campo Alagado e Área Pantanosa,Campo Alagado e Área Pantanosa,Campo Alagado e Área Pantanosa,5,6. 50 até 60 ton/ha,2006,Toledo,148.64554013671858,8182.624591107176
5,Média,11,Natural,Campo Alagado e Área Pantanosa,Campo Alagado e Área Pantanosa,Campo Alagado e Área Pantanosa,Campo Alagado e Área Pantanosa,6,7. 60 até 70 ton/ha,2006,Foz do Iguaçu,0.1619189208984375,10.524729858398437
5,Média,11,Natural,Campo Alagado e Área Pantanosa,Campo Alagado e Área Pantanosa,Campo Alagado e Área Pantanosa,Campo Alagado e Área Pantanosa,6,7. 60 até 70 ton/ha,2006,Toledo,3.0235152282714846,182.88352454223633
5,Média,11,Natural,Campo Alagado e Área Pantanosa,Campo Alagado e Área Pantanosa,Campo Alagado e Área Pantanosa,Campo Alagado e Área Pantanosa,7,8. 70 até 80 ton/ha,2006,Foz do Iguaçu,0.08096069946289063,5.667248962402343
5,Média,15,Antrópico,Pastagem,Pastagem,Pastagem,Pastagem,3,4. 30 até 40 ton/ha,2006,Cascavel,747.63400177002,27809.25134942628
5,Média,15,Antrópico,Pastagem,Pastagem,Pastagem,Pastagem,3,4. 30 até 40 ton/ha,2006,Foz do Iguaçu,42.351307788085926,1567.5454112854
5,Média,15,Antrópico,Pastagem,Pastagem,Pastagem,Pastagem,3,4. 30 até 40 ton/ha,2006,Toledo,565.8016830688481,20926.690233264166
5,Média,15,Antrópico,Pastagem,Pastagem,Pastagem,Pastagem,3,4. 30 até 40 ton/ha,2006,Marechal Cândido Rondon,40.52926348266601,1509.5293740112306
5,Média,15,Antrópico,Pastagem,Pastagem,Pastagem,Pastagem,4,5. 40 até 50 ton/ha,2006,Cascavel,19600.54254936507,916971.065628695
5,Média,15,Antrópico,Pastagem,Pastagem,Pastagem,Pastagem,4,5. 40 até 50 ton/ha,2006,Foz do Iguaçu,1035.662308471689,47948.299535241524
5,Média,15,Antrópico,Pastagem,Pastagem,Pastagem,Pastagem,4,5. 40 até 50 ton/ha,2006,Toledo,4579.115570233154,206776.80664664903
5,Média,15,Antrópico,Pastagem,Pastagem,Pastagem,Pastagem,4,5. 40 até 50 ton/ha,2006,Marechal Cândido Rondon,343.1998024780269,15270.598536425765
5,Média,15,Antrópico,Pastagem,Pastagem,Pastagem,Pastagem,5,6. 50 até 60 ton/ha,2006,Cascavel,28424.809011316545,1560066.5745723157
5,Média,15,Antrópico,Pastagem,Pastagem,Pastagem,Pastagem,5,6. 50 até 60 ton/ha,2006,Foz do Iguaçu,654.4613982971176,34883.005121441754
5,Média,15,Antrópico,Pastagem,Pastagem,Pastagem,Pastagem,5,6. 50 até 60 ton/ha,2006,Toledo,873.3891505493152,45661.41474298706
5,Média,15,Antrópico,Pastagem,Pastagem,Pastagem,Pastagem,5,6. 50 até 60 ton/ha,2006,Marechal Cândido Rondon,30.076019146728502,1538.5365183959962
5,Média,15,Antrópico,Pastagem,Pastagem,Pastagem,Pastagem,6,7. 60 até 70 ton/ha,2006,Cascavel,1786.964205706783,107290.87052963268
5,Média,15,Antrópico,Pastagem,Pastagem,Pastagem,Pastagem,6,7. 60 até 70 ton/ha,2006,Foz do Iguaçu,27.933418756103514,1739.7559582702631
5,Média,15,Antrópico,Pastagem,Pastagem,Pastagem,Pastagem,6,7. 60 até 70 ton/ha,2006,Toledo,0.4062838500976563,24.458287603759764
5,Média,15,Antrópico,Pastagem,Pastagem,Pastagem,Pastagem,7,8. 70 até 80 ton/ha,2006,Foz do Iguaçu,5.185692431640628,377.26128024291984
5,Média,15,Antrópico,Pastagem,Pastagem,Pastagem,Pastagem,8,9. mais de 80 ton/h,2006,Foz do Iguaçu,2.8375081237792976,242.1605025695801
5,Média,20,Antrópico,Agricultura,Agricultura,Lavoura Temporária,Cana,5,6. 50 até 60 ton/ha,2006,Cascavel,0.8921711486816406,48.25750751342774
5,Média,21,Antrópico,Mosaico de Usos,Mosaico de Usos,Mosaico de Usos,Mosaico de Usos,3,4. 30 até 40 ton/ha,2006,Cascavel,275.46846000366224,10193.707081115717
5,Média,21,Antrópico,Mosaico de Usos,Mosaico de Usos,Mosaico de Usos,Mosaico de Usos,3,4. 30 até 40 ton/ha,2006,Foz do Iguaçu,89.89470194091793,3330.709706341555
5,Média,21,Antrópico,Mosaico de Usos,Mosaico de Usos,Mosaico de Usos,Mosaico de Usos,3,4. 30 até 40 ton/ha,2006,Toledo,429.2181714233399,15941.898142675775
5,Média,21,Antrópico,Mosaico de Usos,Mosaico de Usos,Mosaico de Usos,Mosaico de Usos,3,4. 30 até 40 ton/ha,2006,Marechal Cândido Rondon,183.31489202880852,6821.792175286865
5,Média,21,Antrópico,Mosaico de Usos,Mosaico de Usos,Mosaico de Usos,Mosaico de Usos,4,5. 40 até 50 ton/ha,2006,Cascavel,10045.547111474623,471743.22046274366
5,Média,21,Antrópico,Mosaico de Usos,Mosaico de Usos,Mosaico de Usos,Mosaico de Usos,4,5. 40 até 50 ton/ha,2006,Foz do Iguaçu,1849.6808832153406,85603.68762982781
5,Média,21,Antrópico,Mosaico de Usos,Mosaico de Usos,Mosaico de Usos,Mosaico de Usos,4,5. 40 até 50 ton/ha,2006,Toledo,3873.4595666748023,174889.21271806044
5,Média,21,Antrópico,Mosaico de Usos,Mosaico de Usos,Mosaico de Usos,Mosaico de Usos,4,5. 40 até 50 ton/ha,2006,Marechal Cândido Rondon,1182.1515598876983,52083.368120575025
5,Média,21,Antrópico,Mosaico de Usos,Mosaico de Usos,Mosaico de Usos,Mosaico de Usos,5,6. 50 até 60 ton/ha,2006,Cascavel,14884.979037817395,813682.9326679503
5,Média,21,Antrópico,Mosaico de Usos,Mosaico de Usos,Mosaico de Usos,Mosaico de Usos,5,6. 50 até 60 ton/ha,2006,Foz do Iguaçu,1074.1585520568833,58091.966958129975
5,Média,21,Antrópico,Mosaico de Usos,Mosaico de Usos,Mosaico de Usos,Mosaico de Usos,5,6. 50 até 60 ton/ha,2006,Toledo,1197.8178977661137,63052.06613778076
5,Média,21,Antrópico,Mosaico de Usos,Mosaico de Usos,Mosaico de Usos,Mosaico de Usos,5,6. 50 até 60 ton/ha,2006,Marechal Cândido Rondon,166.5249252258299,8801.774619781494
5,Média,21,Antrópico,Mosaico de Usos,Mosaico de Usos,Mosaico de Usos,Mosaico de Usos,6,7. 60 até 70 ton/ha,2006,Cascavel,1281.8079431335414,77174.7726189027
5,Média,21,Antrópico,Mosaico de Usos,Mosaico de Usos,Mosaico de Usos,Mosaico de Usos,6,7. 60 até 70 ton/ha,2006,Foz do Iguaçu,215.4543873046878,13372.814907696536
5,Média,21,Antrópico,Mosaico de Usos,Mosaico de Usos,Mosaico de Usos,Mosaico de Usos,6,7. 60 até 70 ton/ha,2006,Toledo,50.712913226318335,3145.182003332518
5,Média,21,Antrópico,Mosaico de Usos,Mosaico de Usos,Mosaico de Usos,Mosaico de Usos,6,7. 60 até 70 ton/ha,2006,Marechal Cândido Rondon,4.723405566406251,294.4772929687499
5,Média,21,Antrópico,Mosaico de Usos,Mosaico de Usos,Mosaico de Usos,Mosaico de Usos,7,8. 70 até 80 ton/ha,2006,Cascavel,0.08117908325195312,5.682535827636719
5,Média,21,Antrópico,Mosaico de Usos,Mosaico de Usos,Mosaico de Usos,Mosaico de Usos,7,8. 70 até 80 ton/ha,2006,Foz do Iguaçu,19.853130480957034,1425.225903643799
5,Média,21,Antrópico,Mosaico de Usos,Mosaico de Usos,Mosaico de Usos,Mosaico de Usos,7,8. 70 até 80 ton/ha,2006,Toledo,4.471100634765623,317.28592028808583
5,Média,21,Antrópico,Mosaico de Usos,Mosaico de Usos,Mosaico de Usos,Mosaico de Usos,7,8. 70 até 80 ton/ha,2006,Marechal Cândido Rondon,0.895584210205078,66.59890567626952
5,Média,21,Antrópico,Mosaico de Usos,Mosaico de Usos,Mosaico de Usos,Mosaico de Usos,8,9. mais de 80 ton/h,2006,Cascavel,0.3245355773925781,27.09871913452148
5,Média,21,Antrópico,Mosaico de Usos,Mosaico de Usos,Mosaico de Usos,Mosaico de Usos,8,9. mais de 80 ton/h,2006,Foz do Iguaçu,24.96648726806641,2248.689457470704
5,Média,21,Antrópico,Mosaico de Usos,Mosaico de Usos,Mosaico de Usos,Mosaico de Usos,8,9. mais de 80 ton/h,2006,Marechal Cândido Rondon,0.32567031860351564,26.379294946289065
5,Média,24,Antrópico,Outros,Área Urbanizada,Área Urbanizada,Área Urbanizada,0,1. 0 até 10 ton/ha,2006,Cascavel,197.05280632324212,0.0
5,Média,24,Antrópico,Outros,Área Urbanizada,Área Urbanizada,Área Urbanizada,0,1. 0 até 10 ton/ha,2006,Foz do Iguaçu,2364.3940326843885,0.0
5,Média,24,Antrópico,Outros,Área Urbanizada,Área Urbanizada,Área Urbanizada,0,1. 0 até 10 ton/ha,2006,Toledo,581.9732000000009,0.0
5,Média,24,Antrópico,Outros,Área Urbanizada,Área Urbanizada,Área Urbanizada,0,1. 0 até 10 ton/ha,2006,Marechal Cândido Rondon,265.20873634643533,0.0
5,Média,25,Antrópico,Outros,Outras Áreas não Vegetadas,Outras Áreas não Vegetadas,Outras Áreas não Vegetadas,3,4. 30 até 40 ton/ha,2006,Cascavel,0.6470753845214845,23.213826666259767
5,Média,25,Antrópico,Outros,Outras Áreas não Vegetadas,Outras Áreas não Vegetadas,Outras Áreas não Vegetadas,3,4. 30 até 40 ton/ha,2006,Foz do Iguaçu,2.748979394531251,102.68291555786132
5,Média,25,Antrópico,Outros,Outras Áreas não Vegetadas,Outras Áreas não Vegetadas,Outras Áreas não Vegetadas,3,4. 30 até 40 ton/ha,2006,Marechal Cândido Rondon,0.24472290649414064,9.299470446777343
5,Média,25,Antrópico,Outros,Outras Áreas não Vegetadas,Outras Áreas não Vegetadas,Outras Áreas não Vegetadas,4,5. 40 até 50 ton/ha,2006,Cascavel,9.629619885253911,447.5820540405272
5,Média,25,Antrópico,Outros,Outras Áreas não Vegetadas,Outras Áreas não Vegetadas,Outras Áreas não Vegetadas,4,5. 40 até 50 ton/ha,2006,Foz do Iguaçu,43.69546597290039,2045.3563993530265
5,Média,25,Antrópico,Outros,Outras Áreas não Vegetadas,Outras Áreas não Vegetadas,Outras Áreas não Vegetadas,4,5. 40 até 50 ton/ha,2006,Toledo,15.109427960205085,699.5876733642577
5,Média,25,Antrópico,Outros,Outras Áreas não Vegetadas,Outras Áreas não Vegetadas,Outras Áreas não Vegetadas,4,5. 40 até 50 ton/ha,2006,Marechal Cândido Rondon,3.5063105773925782,159.0874290527344
5,Média,25,Antrópico,Outros,Outras Áreas não Vegetadas,Outras Áreas não Vegetadas,Outras Áreas não Vegetadas,5,6. 50 até 60 ton/ha,2006,Cascavel,5.187422589111327,281.48929502563476
5,Média,25,Antrópico,Outros,Outras Áreas não Vegetadas,Outras Áreas não Vegetadas,Outras Áreas não Vegetadas,5,6. 50 até 60 ton/ha,2006,Foz do Iguaçu,34.56221503906254,1884.41070550537
5,Média,25,Antrópico,Outros,Outras Áreas não Vegetadas,Outras Áreas não Vegetadas,Outras Áreas não Vegetadas,5,6. 50 até 60 ton/ha,2006,Toledo,8.98220450439453,482.187134375
5,Média,25,Antrópico,Outros,Outras Áreas não Vegetadas,Outras Áreas não Vegetadas,Outras Áreas não Vegetadas,5,6. 50 até 60 ton/ha,2006,Marechal Cândido Rondon,4.485663360595704,229.6665490295411
5,Média,25,Antrópico,Outros,Outras Áreas não Vegetadas,Outras Áreas não Vegetadas,Outras Áreas não Vegetadas,6,7. 60 até 70 ton/ha,2006,Cascavel,0.48723148803710936,29.96467042236328
5,Média,25,Antrópico,Outros,Outras Áreas não Vegetadas,Outras Áreas não Vegetadas,Outras Áreas não Vegetadas,6,7. 60 até 70 ton/ha,2006,Foz do Iguaçu,12.870251477050783,792.7757308715818
5,Média,25,Antrópico,Outros,Outras Áreas não Vegetadas,Outras Áreas não Vegetadas,Outras Áreas não Vegetadas,7,8. 70 até 80 ton/ha,2006,Cascavel,0.4865827453613281,34.70957209472656
5,Média,25,Antrópico,Outros,Outras Áreas não Vegetadas,Outras Áreas não Vegetadas,Outras Áreas não Vegetadas,7,8. 70 até 80 ton/ha,2006,Foz do Iguaçu,0.7287954650878907,53.283042193603514
5,Média,25,Antrópico,Outros,Outras Áreas não Vegetadas,Outras Áreas não Vegetadas,Outras Áreas não Vegetadas,8,9. mais de 80 ton/h,2006,Foz do Iguaçu,0.08097766723632813,6.640168713378906
5,Média,39,Antrópico,Agricultura,Agricultura,Lavoura Temporária,Soja,3,4. 30 até 40 ton/ha,2006,Cascavel,109.15388546142573,4021.7840536010717
5,Média,39,Antrópico,Agricultura,Agricultura,Lavoura Temporária,Soja,3,4. 30 até 40 ton/ha,2006,Foz do Iguaçu,33.51615994873046,1255.8116276916503
5,Média,39,Antrópico,Agricultura,Agricultura,Lavoura Temporária,Soja,3,4. 30 até 40 ton/ha,2006,Toledo,431.5357914062499,16084.624347595207
5,Média,39,Antrópico,Agricultura,Agricultura,Lavoura Temporária,Soja,3,4. 30 até 40 ton/ha,2006,Marechal Cândido Rondon,311.39801782836906,11601.000286218306
5,Média,39,Antrópico,Agricultura,Agricultura,Lavoura Temporária,Soja,4,5. 40 até 50 ton/ha,2006,Cascavel,1466.9613343017556,67956.23074906625
5,Média,39,Antrópico,Agricultura,Agricultura,Lavoura Temporária,Soja,4,5. 40 até 50 ton/ha,2006,Foz do Iguaçu,1985.35970170288,91721.79552858873
5,Média,39,Antrópico,Agricultura,Agricultura,Lavoura Temporária,Soja,4,5. 40 até 50 ton/ha,2006,Toledo,3327.6379178710986,146941.93953918415
5,Média,39,Antrópico,Agricultura,Agricultura,Lavoura Temporária,Soja,4,5. 40 até 50 ton/ha,2006,Marechal Cândido Rondon,2101.2157423767294,91989.08278938013
5,Média,39,Antrópico,Agricultura,Agricultura,Lavoura Temporária,Soja,5,6. 50 até 60 ton/ha,2006,Cascavel,881.6632903869626,47357.375877392544
5,Média,39,Antrópico,Agricultura,Agricultura,Lavoura Temporária,Soja,5,6. 50 até 60 ton/ha,2006,Foz do Iguaçu,1283.0588620544531,69160.62998808641
5,Média,39,Antrópico,Agricultura,Agricultura,Lavoura Temporária,Soja,5,6. 50 até 60 ton/ha,2006,Toledo,616.4880127258293,32850.03775589598
5,Média,39,Antrópico,Agricultura,Agricultura,Lavoura Temporária,Soja,5,6. 50 até 60 ton/ha,2006,Marechal Cândido Rondon,226.81112595825235,12254.408062518294
5,Média,39,Antrópico,Agricultura,Agricultura,Lavoura Temporária,Soja,6,7. 60 até 70 ton/ha,2006,Cascavel,61.427437268066406,3735.6154152038594
5,Média,39,Antrópico,Agricultura,Agricultura,Lavoura Temporária,Soja,6,7. 60 até 70 ton/ha,2006,Foz do Iguaçu,470.1546198120175,29395.62759981693
5,Média,39,Antrópico,Agricultura,Agricultura,Lavoura Temporária,Soja,6,7. 60 até 70 ton/ha,2006,Toledo,28.849460589599595,1770.6134206726101
5,Média,39,Antrópico,Agricultura,Agricultura,Lavoura Temporária,Soja,6,7. 60 até 70 ton/ha,2006,Marechal Cândido Rondon,8.956065045166017,575.4674793457028
5,Média,39,Antrópico,Agricultura,Agricultura,Lavoura Temporária,Soja,7,8. 70 até 80 ton/ha,2006,Foz do Iguaçu,102.81411539916988,7289.257221966565
5,Média,39,Antrópico,Agricultura,Agricultura,Lavoura Temporária,Soja,7,8. 70 até 80 ton/ha,2006,Marechal Cândido Rondon,10.909980999755861,799.6038897949219
5,Média,39,Antrópico,Agricultura,Agricultura,Lavoura Temporária,Soja,8,9. mais de 80 ton/h,2006,Foz do Iguaçu,43.27782043457031,3766.433291760251
5,Média,39,Antrópico,Agricultura,Agricultura,Lavoura Temporária,Soja,8,9. mais de 80 ton/h,2006,Marechal Cândido Rondon,0.48850056152343746,41.441130285644526
5,Média,41,Antrópico,Agricultura,Agricultura,Lavoura Temporária,Outras Lavouras Temporárias,3,4. 30 até 40 ton/ha,2006,Cascavel,230.60213472900384,8503.342738598645
5,Média,41,Antrópico,Agricultura,Agricultura,Lavoura Temporária,Outras Lavouras Temporárias,3,4. 30 até 40 ton/ha,2006,Foz do Iguaçu,4.2958549316406245,159.9994125854492
5,Média,41,Antrópico,Agricultura,Agricultura,Lavoura Temporária,Outras Lavouras Temporárias,3,4. 30 até 40 ton/ha,2006,Toledo,185.33081758422847,6913.097019744871
5,Média,41,Antrópico,Agricultura,Agricultura,Lavoura Temporária,Outras Lavouras Temporárias,3,4. 30 até 40 ton/ha,2006,Marechal Cândido Rondon,52.85002882690428,1967.2770429443376
5,Média,41,Antrópico,Agricultura,Agricultura,Lavoura Temporária,Outras Lavouras Temporárias,4,5. 40 até 50 ton/ha,2006,Cascavel,3086.112488574221,142724.7289426087
5,Média,41,Antrópico,Agricultura,Agricultura,Lavoura Temporária,Outras Lavouras Temporárias,4,5. 40 até 50 ton/ha,2006,Foz do Iguaçu,337.2385736755366,15568.839751300024
5,Média,41,Antrópico,Agricultura,Agricultura,Lavoura Temporária,Outras Lavouras Temporárias,4,5. 40 até 50 ton/ha,2006,Toledo,1339.8631220703094,58947.06796731573
5,Média,41,Antrópico,Agricultura,Agricultura,Lavoura Temporária,Outras Lavouras Temporárias,4,5. 40 até 50 ton/ha,2006,Marechal Cândido Rondon,326.74155434570326,14250.704558489992
5,Média,41,Antrópico,Agricultura,Agricultura,Lavoura Temporária,Outras Lavouras Temporárias,5,6. 50 até 60 ton/ha,2006,Cascavel,1562.1308849975587,83887.74732795432
5,Média,41,Antrópico,Agricultura,Agricultura,Lavoura Temporária,Outras Lavouras Temporárias,5,6. 50 até 60 ton/ha,2006,Foz do Iguaçu,168.64230805664099,9094.291164733895
5,Média,41,Antrópico,Agricultura,Agricultura,Lavoura Temporária,Outras Lavouras Temporárias,5,6. 50 até 60 ton/ha,2006,Toledo,128.53782573242185,6721.687458636475
5,Média,41,Antrópico,Agricultura,Agricultura,Lavoura Temporária,Outras Lavouras Temporárias,5,6. 50 até 60 ton/ha,2006,Marechal Cândido Rondon,14.754074151611324,770.2149514343263
5,Média,41,Antrópico,Agricultura,Agricultura,Lavoura Temporária,Outras Lavouras Temporárias,6,7. 60 até 70 ton/ha,2006,Cascavel,51.73133506469727,3114.8583714294446
5,Média,41,Antrópico,Agricultura,Agricultura,Lavoura Temporária,Outras Lavouras Temporárias,6,7. 60 até 70 ton/ha,2006,Foz do Iguaçu,83.24294464111324,5184.159793078611
5,Média,41,Antrópico,Agricultura,Agricultura,Lavoura Temporária,Outras Lavouras Temporárias,6,7. 60 até 70 ton/ha,2006,Toledo,0.8135422729492187,48.89382786865234
5,Média,41,Antrópico,Agricultura,Agricultura,Lavoura Temporária,Outras Lavouras Temporárias,7,8. 70 até 80 ton/ha,2006,Foz do Iguaçu,8.753136151123051,628.9316827209472
5,Média,41,Antrópico,Agricultura,Agricultura,Lavoura Temporária,Outras Lavouras Temporárias,8,9. mais de 80 ton/h,2006,Foz do Iguaçu,12.973275701904303,1120.8883128845212
5,Média,46,Antrópico,Agricultura,Agricultura,Lavoura Perene,Café,3,4. 30 até 40 ton/ha,2006,Cascavel,0.32539976806640625,12.36507987060547
5,Média,46,Antrópico,Agricultura,Agricultura,Lavoura Perene,Café,3,4. 30 até 40 ton/ha,2006,Toledo,8.894863751220697,331.6403156799315
5,Média,46,Antrópico,Agricultura,Agricultura,Lavoura Perene,Café,3,4. 30 até 40 ton/ha,2006,Marechal Cândido Rondon,0.48918446655273434,18.26300280151367
5,Média,46,Antrópico,Agricultura,Agricultura,Lavoura Perene,Café,4,5. 40 até 50 ton/ha,2006,Cascavel,11.766955761718751,553.7710071533204
5,Média,46,Antrópico,Agricultura,Agricultura,Lavoura Perene,Café,4,5. 40 até 50 ton/ha,2006,Toledo,34.3570532409668,1473.1054512634282
5,Média,46,Antrópico,Agricultura,Agricultura,Lavoura Perene,Café,4,5. 40 até 50 ton/ha,2006,Marechal Cândido Rondon,1.7127649536132814,71.12041729736329
5,Média,46,Antrópico,Agricultura,Agricultura,Lavoura Perene,Café,5,6. 50 até 60 ton/ha,2006,Cascavel,44.73483575439454,2506.520560388183
5,Média,46,Antrópico,Agricultura,Agricultura,Lavoura Perene,Café,5,6. 50 até 60 ton/ha,2006,Foz do Iguaçu,0.4865602905273438,28.625963995361328
5,Média,46,Antrópico,Agricultura,Agricultura,Lavoura Perene,Café,6,7. 60 até 70 ton/ha,2006,Cascavel,5.116456939697265,307.31238572387696
